img_name,blue1,blue2,brown1,brown2,white,green,black,Unnamed: 8,Unnamed: 9,Unnamed: 10,Unnamed: 11,Unnamed: 12,Unnamed: 13,Unnamed: 14,Unnamed: 15,Unnamed: 16,Unnamed: 17,Unnamed: 18,Unnamed: 19,Unnamed: 20,Unnamed: 21
1808868-A1-CD8-base.png,29.0,39.0,67.0,196.0,212.0,236.0,105.0,92.0,77.0,71.0,38.0,9.0,254.0,254.0,252.0,31.0,29.0,35.0,22.0,19.0,13.0
1808868-A1-Foxp3.png,94.0,117.0,152.0,182.0,192.0,214.0,247.0,234.0,217.0,219.0,187.0,164.0,254.0,255.0,250.0,23.0,21.0,24.0,0.0,0.0,0.0
1808868-A1-PDL1.png,143.0,151.0,190.0,187.0,196.0,216.0,214.0,202.0,194.0,239.0,185.0,136.0,254.0,255.0,250.0,52.0,48.0,47.0,14.0,16.0,15.0
1808868-A2-CD4-base.png,207.0,222.0,245.0,131.0,145.0,170.0,177.0,136.0,119.0,194.0,160.0,128.0,254.0,254.0,252.0,6.0,10.0,12.0,36.0,35.0,31.0
1808868-A2-CD8.png,118.0,130.0,170.0,167.0,178.0,195.0,238.0,202.0,172.0,137.0,76.0,35.0,254.0,254.0,252.0,82.0,84.0,87.0,4.0,4.0,6.0
1808868-A2-Foxp3.png,157.0,178.0,223.0,225.0,230.0,239.0,212.0,187.0,156.0,226.0,182.0,127.0,253.0,253.0,251.0,14.0,14.0,16.0,50.0,50.0,53.0
1808868-A2-PDL1.png,153.0,158.0,193.0,199.0,205.0,220.0,206.0,173.0,148.0,197.0,153.0,118.0,253.0,253.0,251.0,14.0,5.0,2.0,23.0,19.0,16.0
1808868-A3-CD4-base.png,162.0,178.0,212.0,206.0,217.0,239.0,233.0,204.0,174.0,170.0,135.0,107.0,253.0,253.0,251.0,1.0,0.0,0.0,8.0,4.0,4.0
1808868-A3-CD8.png,221.0,228.0,238.0,123.0,151.0,196.0,231.0,183.0,148.0,181.0,153.0,141.0,252.0,252.0,250.0,37.0,36.0,36.0,54.0,57.0,63.0
1808868-A3-Foxp3.png,192.0,210.0,229.0,227.0,233.0,240.0,197.0,179.0,170.0,211.0,197.0,189.0,252.0,252.0,250.0,26.0,26.0,29.0,52.0,48.0,47.0
1808868-A3-PD1.png,185.0,199.0,206.0,92.0,105.0,149.0,250.0,241.0,226.0,244.0,232.0,210.0,254.0,254.0,252.0,9.0,9.0,16.0,17.0,15.0,20.0
1808868-A3-PDL1.png,169.0,178.0,204.0,100.0,98.0,132.0,235.0,187.0,146.0,217.0,138.0,87.0,254.0,254.0,252.0,12.0,7.0,5.0,9.0,9.0,7.0
1808870-A1-CD4-base.png,172.0,180.0,206.0,40.0,57.0,109.0,84.0,40.0,18.0,252.0,235.0,215.0,253.0,253.0,251.0,235.0,237.0,236.0,13.0,8.0,5.0
1808870-A1-CD8.png,130.0,148.0,190.0,194.0,215.0,242.0,203.0,184.0,158.0,106.0,48.0,28.0,253.0,253.0,251.0,231.0,233.0,232.0,0.0,0.0,0.0
1808870-A1-PD1.png,151.0,165.0,205.0,141.0,163.0,205.0,230.0,225.0,225.0,216.0,200.0,201.0,253.0,253.0,251.0,0.0,0.0,0.0,0.0,0.0,0.0
1808870-A2-CD4-base.png,97.0,119.0,169.0,180.0,187.0,207.0,150.0,124.0,113.0,136.0,86.0,69.0,253.0,253.0,251.0,235.0,237.0,234.0,46.0,20.0,20.0
1808870-A2-CD8.png,207.0,210.0,236.0,126.0,143.0,181.0,235.0,221.0,215.0,136.0,90.0,69.0,255.0,255.0,253.0,0.0,0.0,0.0,62.0,26.0,22.0
1808870-A2-PD1.png,145.0,161.0,192.0,222.0,229.0,237.0,237.0,225.0,219.0,241.0,227.0,220.0,251.0,251.0,249.0,0.0,0.0,0.0,0.0,0.0,0.0
1808870-A2-PDL1.png,195.0,201.0,226.0,153.0,162.0,193.0,185.0,166.0,169.0,155.0,108.0,89.0,253.0,253.0,251.0,227.0,229.0,228.0,0.0,0.0,0.0
1808870-A3-CD4-base.png,198.0,201.0,229.0,151.0,172.0,213.0,74.0,8.0,3.0,213.0,173.0,150.0,254.0,254.0,252.0,230.0,232.0,229.0,27.0,12.0,11.0
1808870-A3-CD8.png,147.0,176.0,222.0,75.0,79.0,112.0,138.0,110.0,108.0,125.0,98.0,97.0,125.0,98.0,97.0,0.0,0.0,0.0,0.0,0.0,0.0
1808870-A3-Foxp3.png,221.0,227.0,239.0,72.0,96.0,138.0,111.0,85.0,79.0,225.0,206.0,194.0,253.0,253.0,251.0,0.0,0.0,0.0,54.0,44.0,45.0
1808870-A3-PD1.png,219.0,218.0,234.0,132.0,142.0,197.0,223.0,206.0,199.0,180.0,161.0,158.0,253.0,253.0,251.0,0.0,0.0,0.0,85.0,86.0,86.0
1808870-A3-PDL1.png,192.0,198.0,216.0,174.0,185.0,199.0,216.0,199.0,190.0,174.0,142.0,125.0,253.0,253.0,251.0,93.0,95.0,92.0,0.0,0.0,0.0
1808870-A4-CD4-base.png,133.0,153.0,185.0,191.0,200.0,216.0,175.0,125.0,107.0,177.0,150.0,138.0,253.0,255.0,254.0,227.0,229.0,228.0,6.0,5.0,4.0
1808870-A4-CD8.png,91.0,109.0,147.0,203.0,210.0,233.0,109.0,53.0,50.0,124.0,91.0,61.0,252.0,252.0,250.0,127.0,126.0,121.0,0.0,0.0,0.0
1808870-A4-Foxp3.png,204.0,219.0,230.0,101.0,126.0,182.0,208.0,191.0,183.0,217.0,184.0,158.0,252.0,252.0,250.0,167.0,169.0,159.0,28.0,26.0,28.0
1808870-A4-PD1.png,195.0,206.0,233.0,89.0,107.0,155.0,150.0,97.0,73.0,228.0,198.0,176.0,253.0,253.0,251.0,232.0,234.0,231.0,0.0,0.0,0.0
1808875-A1-CD4-base.png,142.0,158.0,184.0,63.0,97.0,147.0,166.0,140.0,125.0,107.0,75.0,55.0,253.0,253.0,251.0,235.0,237.0,236.0,0.0,6.0,6.0
1808875-A1-CD8.png,215.0,233.0,236.0,47.0,68.0,132.0,143.0,99.0,105.0,161.0,114.0,89.0,251.0,253.0,252.0,0.0,0.0,0.0,37.0,42.0,52.0
1808875-A1-Foxp3.png,153.0,175.0,215.0,213.0,219.0,234.0,243.0,234.0,217.0,126.0,93.0,68.0,252.0,252.0,250.0,42.0,41.0,44.0,2.0,2.0,15.0
1808875-A1-PD1.png,127.0,127.0,153.0,74.0,99.0,148.0,240.0,199.0,167.0,132.0,53.0,36.0,254.0,254.0,252.0,15.0,13.0,19.0,42.0,38.0,37.0
1808875-A1-PDL1.png,144.0,154.0,186.0,134.0,143.0,189.0,160.0,96.0,61.0,87.0,20.0,7.0,252.0,254.0,251.0,234.0,236.0,233.0,0.0,0.0,0.0
1808875-A2-CD4-base.png,188.0,193.0,204.0,162.0,166.0,208.0,153.0,112.0,100.0,187.0,150.0,132.0,253.0,253.0,251.0,22.0,2.0,0.0,10.0,3.0,1.0
1808875-A2-CD4-base.png,119.0,136.0,179.0,133.0,147.0,186.0,153.0,122.0,108.0,213.0,167.0,136.0,253.0,253.0,251.0,23.0,12.0,6.0,75.0,68.0,64.0
1808875-A2-CD8-resized.png,99.0,116.0,140.0,89.0,107.0,149.0,69.0,35.0,30.0,147.0,120.0,113.0,253.0,253.0,251.0,29.0,30.0,32.0,29.0,30.0,32.0
1808875-A2-Foxp3.png,222.0,236.0,253.0,130.0,153.0,197.0,238.0,228.0,215.0,196.0,181.0,167.0,253.0,253.0,251.0,44.0,42.0,44.0,0.0,0.0,0.0
1808875-A2-PD1.png,105.0,110.0,155.0,221.0,224.0,235.0,164.0,126.0,112.0,127.0,71.0,58.0,253.0,253.0,251.0,212.0,213.0,211.0,28.0,27.0,33.0
1808875-A2-PDL1.png,125.0,134.0,181.0,136.0,141.0,168.0,156.0,90.0,65.0,197.0,149.0,116.0,254.0,254.0,252.0,40.0,24.0,16.0,0.0,0.0,0.0
1808879-A1-CD4-base.png,133.0,156.0,200.0,164.0,182.0,203.0,135.0,76.0,50.0,212.0,171.0,132.0,254.0,254.0,252.0,236.0,238.0,235.0,44.0,33.0,17.0
1808879-A1-CD8.png,118.0,137.0,178.0,158.0,174.0,199.0,235.0,205.0,180.0,109.0,62.0,48.0,254.0,254.0,252.0,236.0,238.0,237.0,0.0,0.0,0.0
1808879-A1-Foxp3.png,85.0,107.0,147.0,204.0,221.0,247.0,236.0,227.0,212.0,100.0,75.0,73.0,254.0,254.0,252.0,232.0,236.0,235.0,0.0,0.0,0.0
1808879-A1-PD1.png,61.0,76.0,143.0,119.0,139.0,175.0,240.0,218.0,189.0,250.0,233.0,218.0,253.0,253.0,251.0,54.0,52.0,55.0,0.0,0.0,0.0
1808879-A1-PDL1.png,190.0,207.0,235.0,140.0,150.0,186.0,188.0,127.0,86.0,199.0,181.0,172.0,254.0,254.0,252.0,51.0,47.0,47.0,0.0,0.0,0.0
1808879-A2-CD4-base.png,192.0,208.0,240.0,150.0,168.0,200.0,194.0,120.0,77.0,142.0,112.0,93.0,255.0,255.0,255.0,234.0,240.0,240.0,152.0,162.0,164.0
1808879-A2-CD8.png,186.0,199.0,236.0,83.0,106.0,167.0,199.0,148.0,112.0,225.0,205.0,180.0,255.0,255.0,253.0,91.0,98.0,101.0,0.0,0.0,0.0
1808879-A2-Foxp3-resized.png,183.0,196.0,211.0,114.0,130.0,176.0,238.0,225.0,210.0,104.0,70.0,55.0,254.0,254.0,252.0,48.0,53.0,56.0,0.0,0.0,0.0
1808879-A2-PD1.png,138.0,152.0,201.0,196.0,209.0,222.0,101.0,83.0,86.0,247.0,235.0,211.0,254.0,254.0,252.0,216.0,217.0,209.0,0.0,0.0,0.0
1808879-A3-CD4-base.png,18.0,25.0,75.0,181.0,204.0,249.0,154.0,119.0,116.0,111.0,80.0,77.0,253.0,253.0,251.0,88.0,76.0,76.0,194.0,200.0,200.0
1808879-A3-CD8.png,126.0,150.0,172.0,119.0,142.0,186.0,97.0,47.0,18.0,62.0,22.0,20.0,253.0,253.0,251.0,223.0,225.0,221.0,189.0,195.0,195.0
1808879-A3-PD1.png,149.0,158.0,194.0,209.0,219.0,250.0,157.0,73.0,34.0,192.0,144.0,110.0,254.0,254.0,252.0,224.0,225.0,220.0,0.0,0.0,0.0
1808879-A4-CD4-base.png,192.0,201.0,218.0,140.0,159.0,208.0,207.0,163.0,102.0,177.0,131.0,108.0,254.0,254.0,252.0,55.0,44.0,50.0,2.0,2.0,3.0
1808879-A4-CD8.png,101.0,117.0,145.0,169.0,184.0,207.0,139.0,99.0,79.0,101.0,58.0,46.0,253.0,253.0,251.0,243.0,244.0,239.0,0.0,0.0,0.0
1808879-A4-Foxp3.png,189.0,195.0,222.0,130.0,138.0,185.0,241.0,212.0,198.0,232.0,197.0,173.0,254.0,254.0,252.0,0.0,0.0,0.0,0.0,0.0,0.0
1808879-A4-PD1.png,120.0,136.0,170.0,196.0,207.0,229.0,199.0,181.0,176.0,141.0,99.0,76.0,252.0,252.0,250.0,0.0,0.0,0.0,0.0,0.0,0.0
1808879-A4-PDL1.png,126.0,136.0,189.0,203.0,212.0,231.0,123.0,83.0,87.0,199.0,164.0,148.0,252.0,252.0,250.0,242.0,243.0,238.0,0.0,0.0,0.0
1808880-A1-CD4-base.png,213.0,224.0,246.0,25.0,35.0,88.0,67.0,43.0,46.0,190.0,162.0,139.0,253.0,253.0,251.0,233.0,235.0,232.0,123.0,120.0,111.0
1808880-A1-CD8.png,126.0,132.0,150.0,125.0,152.0,206.0,202.0,155.0,134.0,140.0,95.0,75.0,253.0,253.0,251.0,135.0,136.0,131.0,0.0,0.0,0.0
1808880-A1-PD1.png,80.0,94.0,140.0,175.0,191.0,220.0,231.0,225.0,214.0,116.0,87.0,84.0,252.0,252.0,250.0,132.0,129.0,124.0,0.0,0.0,0.0
1808880-A1-PDL1.png,139.0,156.0,191.0,79.0,93.0,155.0,114.0,73.0,61.0,207.0,151.0,132.0,251.0,251.0,249.0,220.0,222.0,221.0,0.0,0.0,0.0
1808880-A2-CD4-base.png,189.0,192.0,218.0,116.0,133.0,187.0,135.0,93.0,78.0,169.0,132.0,131.0,253.0,253.0,251.0,235.0,235.0,233.0,22.0,9.0,18.0
1808880-A2-CD8.png,125.0,146.0,191.0,197.0,208.0,224.0,101.0,49.0,42.0,171.0,137.0,125.0,253.0,253.0,251.0,0.0,0.0,0.0,9.0,3.0,6.0
1808880-A2-Foxp3.png,129.0,144.0,184.0,192.0,197.0,216.0,133.0,116.0,114.0,81.0,56.0,59.0,254.0,254.0,252.0,34.0,28.0,31.0,0.0,0.0,0.0
1808880-A2-PD1.png,122.0,137.0,170.0,155.0,169.0,207.0,77.0,51.0,47.0,110.0,93.0,84.0,252.0,252.0,250.0,160.0,159.0,154.0,160.0,159.0,154.0
1808880-A2-PD1.png,113.0,134.0,180.0,166.0,183.0,212.0,110.0,69.0,52.0,41.0,29.0,32.0,253.0,253.0,251.0,0.0,0.0,0.0,163.0,162.0,157.0
1808880-A2-PDL1.png,122.0,133.0,187.0,99.0,117.0,167.0,162.0,111.0,92.0,168.0,79.0,49.0,253.0,253.0,251.0,0.0,0.0,0.0,182.0,186.0,188.0
1808880-A3-CD4-base.png,170.0,177.0,202.0,123.0,124.0,152.0,140.0,109.0,99.0,197.0,168.0,152.0,254.0,254.0,252.0,238.0,238.0,236.0,102.0,103.0,95.0
1808880-A3-CD8.png,98.0,122.0,149.0,136.0,147.0,175.0,137.0,82.0,54.0,206.0,165.0,140.0,251.0,251.0,249.0,157.0,154.0,149.0,0.0,0.0,0.0
1808880-A3-Foxp3.png,130.0,154.0,190.0,161.0,184.0,218.0,192.0,172.0,173.0,143.0,128.0,123.0,253.0,253.0,251.0,206.0,206.0,204.0,0.0,0.0,0.0
1808880-A3-PD1.png,144.0,160.0,197.0,92.0,106.0,143.0,177.0,167.0,152.0,180.0,157.0,157.0,253.0,254.0,249.0,227.0,232.0,232.0,0.0,0.0,0.0
1808880-A3-PDL1.png,102.0,111.0,139.0,131.0,143.0,202.0,176.0,116.0,86.0,192.0,125.0,83.0,254.0,254.0,252.0,238.0,238.0,236.0,0.0,0.0,0.0
1808880-A4-CD4-base.png,138.0,152.0,187.0,218.0,221.0,236.0,201.0,164.0,133.0,139.0,87.0,69.0,253.0,253.0,251.0,244.0,244.0,242.0,186.0,187.0,190.0
1808880-A4-CD8.png,127.0,149.0,186.0,198.0,212.0,242.0,88.0,51.0,58.0,189.0,160.0,155.0,253.0,253.0,251.0,139.0,140.0,152.0,0.0,0.0,0.0
1808880-A4-Foxp3.png,183.0,199.0,228.0,123.0,138.0,181.0,165.0,124.0,95.0,191.0,147.0,113.0,253.0,253.0,251.0,178.0,191.0,197.0,0.0,0.0,0.0
1808880-A4-PD1.png,151.0,166.0,205.0,65.0,87.0,144.0,216.0,184.0,153.0,169.0,100.0,55.0,253.0,253.0,251.0,209.0,211.0,210.0,0.0,0.0,0.0
1808880-A4-PDL1.png,126.0,131.0,160.0,134.0,142.0,175.0,202.0,171.0,161.0,150.0,93.0,80.0,254.0,255.0,250.0,218.0,222.0,221.0,0.0,0.0,0.0
1808880-A5-CD4-base.png,150.0,165.0,209.0,76.0,78.0,118.0,176.0,131.0,114.0,192.0,132.0,110.0,253.0,253.0,251.0,230.0,230.0,228.0,225.0,225.0,223.0
1808880-A5-CD8.png,184.0,196.0,221.0,129.0,144.0,186.0,148.0,100.0,60.0,130.0,103.0,88.0,252.0,252.0,250.0,221.0,218.0,213.0,0.0,0.0,0.0
1808880-A5-Foxp3.png,159.0,172.0,197.0,114.0,130.0,162.0,152.0,134.0,122.0,201.0,173.0,169.0,252.0,252.0,250.0,0.0,0.0,0.0,92.0,94.0,91.0
1808880-A5-PD1.png,149.0,170.0,213.0,170.0,179.0,210.0,178.0,162.0,150.0,246.0,232.0,216.0,251.0,251.0,249.0,207.0,206.0,201.0,0.0,0.0,0.0
1808880-A5-PDL1.png,179.0,184.0,212.0,102.0,115.0,159.0,243.0,190.0,163.0,145.0,92.0,70.0,252.0,252.0,250.0,227.0,228.0,223.0,0.0,0.0,0.0
1808880-A6-CD4-base.png,183.0,194.0,223.0,40.0,58.0,121.0,192.0,151.0,132.0,185.0,136.0,113.0,252.0,252.0,250.0,219.0,218.0,213.0,32.0,32.0,30.0
1808880-A6-CD8.png,116.0,135.0,167.0,193.0,208.0,227.0,135.0,92.0,80.0,164.0,112.0,67.0,251.0,251.0,249.0,160.0,155.0,151.0,0.0,0.0,0.0
1808880-A6-Foxp3.png,172.0,189.0,218.0,199.0,207.0,235.0,58.0,34.0,33.0,230.0,225.0,224.0,253.0,253.0,251.0,234.0,236.0,233.0,0.0,0.0,0.0
1808880-A6-PD1.png,150.0,167.0,207.0,204.0,218.0,244.0,156.0,134.0,127.0,231.0,222.0,212.0,252.0,252.0,250.0,208.0,212.0,213.0,0.0,0.0,0.0
1808880-A6-PDL1.png,126.0,138.0,180.0,204.0,210.0,246.0,132.0,91.0,84.0,213.0,189.0,177.0,250.0,250.0,248.0,208.0,211.0,209.0,0.0,0.0,0.0
1808888-A1-CD4-base.png,179.0,186.0,230.0,175.0,186.0,218.0,182.0,167.0,169.0,194.0,152.0,136.0,251.0,251.0,249.0,197.0,201.0,200.0,11.0,11.0,13.0
1808888-A1-CD8.png,135.0,156.0,193.0,37.0,47.0,65.0,222.0,209.0,203.0,133.0,99.0,83.0,254.0,254.0,252.0,49.0,38.0,42.0,0.0,0.0,0.0
1808888-A1-Foxp3.png,143.0,160.0,202.0,87.0,106.0,168.0,111.0,132.0,148.0,204.0,216.0,234.0,253.0,254.0,249.0,0.0,0.0,0.0,0.0,0.0,0.0
1808888-A1-PD1.png,125.0,142.0,186.0,179.0,189.0,205.0,136.0,114.0,114.0,173.0,161.0,150.0,252.0,252.0,250.0,237.0,237.0,235.0,0.0,0.0,0.0
1808888-A1-PDL1.png,107.0,121.0,164.0,183.0,193.0,218.0,207.0,182.0,183.0,211.0,146.0,118.0,254.0,254.0,252.0,164.0,166.0,165.0,0.0,0.0,0.0
1808888-A2-CD4-base.png,169.0,177.0,213.0,115.0,131.0,166.0,251.0,223.0,179.0,235.0,206.0,184.0,253.0,255.0,254.0,199.0,201.0,197.0,23.0,25.0,40.0
1808888-A2-CD8.png,201.0,212.0,241.0,103.0,114.0,158.0,183.0,137.0,121.0,161.0,114.0,90.0,254.0,254.0,252.0,229.0,231.0,228.0,0.0,0.0,0.0
1808888-A2-Foxp3.png,140.0,149.0,180.0,223.0,203.0,196.0,204.0,192.0,188.0,99.0,66.0,62.0,252.0,252.0,250.0,149.0,154.0,152.0,0.0,0.0,0.0
1808888-A2-Foxp3.png,129.0,150.0,183.0,220.0,227.0,236.0,116.0,82.0,52.0,121.0,94.0,90.0,252.0,252.0,250.0,128.0,123.0,125.0,0.0,0.0,0.0
1808888-A2-PD1.png,173.0,187.0,213.0,81.0,112.0,171.0,125.0,97.0,90.0,125.0,97.0,90.0,255.0,255.0,253.0,227.0,229.0,226.0,0.0,0.0,0.0
1808888-A2-PDL1.png,113.0,123.0,171.0,114.0,116.0,139.0,157.0,112.0,102.0,214.0,173.0,144.0,253.0,253.0,251.0,253.0,253.0,251.0,0.0,0.0,0.0
1808888-A3-CD4-base.png,137.0,152.0,190.0,186.0,196.0,220.0,191.0,105.0,76.0,146.0,123.0,107.0,251.0,251.0,249.0,200.0,196.0,185.0,41.0,30.0,24.0
1808888-A3-Foxp3.png,169.0,181.0,201.0,126.0,154.0,192.0,218.0,185.0,164.0,198.0,176.0,168.0,253.0,253.0,251.0,136.0,147.0,148.0,0.0,0.0,0.0
1808888-A3-PD1.png,210.0,218.0,232.0,171.0,180.0,209.0,123.0,103.0,104.0,234.0,191.0,153.0,253.0,253.0,251.0,151.0,156.0,158.0,0.0,0.0,0.0
1808888-A3-PDL1.png,96.0,102.0,139.0,179.0,187.0,225.0,135.0,97.0,88.0,184.0,143.0,123.0,252.0,252.0,250.0,221.0,227.0,225.0,0.0,0.0,0.0
1808902-A1-CD4-base.png,212.0,214.0,230.0,115.0,125.0,170.0,165.0,93.0,55.0,231.0,179.0,147.0,253.0,253.0,251.0,230.0,232.0,229.0,32.0,31.0,29.0
1808902-A1-CD8.png,91.0,99.0,163.0,190.0,210.0,239.0,79.0,58.0,58.0,117.0,92.0,88.0,240.0,242.0,241.0,192.0,193.0,188.0,0.0,0.0,0.0
1808902-A1-Foxp3.png,203.0,212.0,222.0,142.0,144.0,175.0,153.0,106.0,96.0,156.0,139.0,129.0,253.0,253.0,251.0,220.0,221.0,219.0,0.0,0.0,0.0
1808902-A1-PD1.png,200.0,209.0,241.0,139.0,154.0,190.0,236.0,185.0,144.0,234.0,211.0,185.0,251.0,253.0,250.0,231.0,233.0,230.0,0.0,0.0,0.0
1808902-A1-PDL1.png,143.0,152.0,192.0,184.0,193.0,227.0,235.0,213.0,187.0,165.0,127.0,108.0,253.0,253.0,251.0,15.0,11.0,8.0,225.0,227.0,226.0
1808902-A2-CD4-base.png,212.0,229.0,235.0,162.0,158.0,181.0,168.0,132.0,113.0,247.0,209.0,180.0,253.0,253.0,250.0,193.0,195.0,192.0,13.0,4.0,2.0
1808902-A2-CD8.png,58.0,52.0,83.0,178.0,192.0,201.0,217.0,189.0,167.0,205.0,171.0,142.0,254.0,254.0,252.0,134.0,147.0,148.0,0.0,0.0,0.0
1808902-A2-Foxp3.png,171.0,184.0,212.0,192.0,197.0,213.0,190.0,164.0,142.0,239.0,215.0,192.0,253.0,253.0,251.0,223.0,224.0,219.0,0.0,0.0,0.0
1808902-A2-PD1.png,138.0,152.0,191.0,210.0,222.0,241.0,232.0,212.0,196.0,233.0,203.0,173.0,250.0,250.0,248.0,166.0,167.0,161.0,0.0,0.0,0.0
1808902-A2-PDL1.png,153.0,155.0,201.0,141.0,152.0,181.0,225.0,188.0,166.0,212.0,176.0,158.0,254.0,254.0,252.0,219.0,223.0,224.0,0.0,0.0,0.0
1808902-A3-CD4-base.png,212.0,223.0,243.0,125.0,141.0,171.0,223.0,154.0,135.0,190.0,149.0,117.0,253.0,253.0,251.0,237.0,237.0,235.0,20.0,22.0,45.0
1808902-A3-CD8.png,158.0,165.0,194.0,222.0,231.0,245.0,221.0,195.0,169.0,120.0,103.0,103.0,252.0,253.0,248.0,207.0,212.0,206.0,0.0,0.0,0.0
1808902-A3-Foxp3.png,117.0,130.0,160.0,222.0,226.0,241.0,139.0,151.0,185.0,112.0,133.0,177.0,251.0,251.0,249.0,185.0,182.0,177.0,0.0,0.0,0.0
1808902-A3-PD1.png,186.0,195.0,229.0,133.0,158.0,206.0,253.0,238.0,198.0,232.0,187.0,148.0,253.0,253.0,251.0,211.0,217.0,214.0,0.0,0.0,0.0
1808902-A3-PDL1.png,67.0,78.0,140.0,212.0,213.0,230.0,58.0,14.0,15.0,233.0,210.0,188.0,254.0,255.0,250.0,228.0,228.0,226.0,0.0,0.0,0.0
1808902-A4-CD4-base.png,104.0,117.0,151.0,181.0,187.0,203.0,130.0,82.0,65.0,237.0,189.0,163.0,254.0,254.0,252.0,234.0,236.0,235.0,51.0,51.0,48.0
1808902-A4-CD8.png,192.0,200.0,227.0,101.0,125.0,169.0,149.0,97.0,91.0,180.0,156.0,127.0,254.0,254.0,254.0,42.0,45.0,50.0,0.0,0.0,0.0
1808902-A4-PD1.png,162.0,174.0,210.0,175.0,191.0,214.0,182.0,105.0,55.0,146.0,127.0,98.0,254.0,254.0,252.0,0.0,0.0,0.0,223.0,227.0,226.0
1808920-A1-CD4-base.png,152.0,163.0,194.0,71.0,82.0,122.0,206.0,173.0,146.0,205.0,140.0,106.0,254.0,254.0,252.0,8.0,0.0,0.0,235.0,237.0,234.0
1808920-A1-CD8.png,161.0,172.0,191.0,98.0,113.0,162.0,106.0,71.0,54.0,139.0,110.0,109.0,254.0,254.0,252.0,5.0,3.0,9.0,0.0,0.0,0.0
1808920-A1-Foxp3.png,148.0,164.0,199.0,201.0,208.0,224.0,237.0,220.0,209.0,250.0,239.0,220.0,254.0,254.0,254.0,31.0,34.0,30.0,0.0,0.0,0.0
1808920-A1-PD1-resized.png,179.0,195.0,221.0,149.0,169.0,213.0,213.0,202.0,181.0,221.0,204.0,182.0,252.0,252.0,250.0,228.0,232.0,231.0,0.0,0.0,0.0
1808920-A2-CD4-base.png,195.0,205.0,235.0,165.0,173.0,210.0,188.0,163.0,156.0,187.0,103.0,70.0,254.0,254.0,252.0,228.0,228.0,226.0,18.0,8.0,9.0
1808920-A2-PD1.png,169.0,188.0,224.0,197.0,207.0,220.0,210.0,179.0,160.0,205.0,178.0,172.0,253.0,253.0,251.0,226.0,228.0,225.0,0.0,0.0,0.0
1808920-A3-CD4-base.png,214.0,224.0,246.0,121.0,136.0,179.0,110.0,80.0,77.0,248.0,209.0,172.0,253.0,253.0,251.0,234.0,236.0,233.0,3.0,3.0,4.0
1808920-A3-Foxp3.png,155.0,159.0,195.0,215.0,227.0,249.0,151.0,86.0,90.0,145.0,90.0,60.0,254.0,255.0,250.0,178.0,182.0,179.0,0.0,0.0,0.0
1808920-A3-PD1.png,190.0,203.0,219.0,177.0,188.0,212.0,172.0,145.0,141.0,142.0,114.0,98.0,253.0,253.0,251.0,222.0,224.0,219.0,0.0,0.0,0.0
1808920-A3-PDL1-resized.png,117.0,127.0,145.0,87.0,106.0,144.0,150.0,88.0,70.0,237.0,210.0,178.0,254.0,254.0,252.0,235.0,236.0,230.0,0.0,0.0,0.0
1808920-A4-CD4-base.png,140.0,153.0,187.0,212.0,218.0,238.0,242.0,174.0,129.0,180.0,97.0,61.0,254.0,254.0,252.0,221.0,223.0,220.0,2.0,5.0,10.0
1808920-A4-CD8.png,137.0,156.0,194.0,169.0,187.0,211.0,138.0,105.0,97.0,178.0,145.0,131.0,255.0,255.0,255.0,72.0,72.0,73.0,0.0,0.0,0.0
1808920-A4-Foxp3.png,178.0,192.0,222.0,236.0,243.0,248.0,220.0,204.0,199.0,168.0,146.0,128.0,252.0,252.0,250.0,223.0,224.0,216.0,0.0,0.0,0.0
1808920-A4-PD1.png,123.0,145.0,188.0,220.0,226.0,238.0,200.0,177.0,162.0,187.0,140.0,126.0,253.0,253.0,251.0,235.0,237.0,234.0,27.0,28.0,24.0
1808920-A4-PDL1.png,103.0,118.0,162.0,169.0,178.0,211.0,147.0,117.0,104.0,239.0,216.0,202.0,254.0,253.0,249.0,234.0,236.0,233.0,0.0,0.0,0.0
1808920-A5-CD4-base.png,151.0,165.0,207.0,176.0,186.0,207.0,137.0,124.0,110.0,216.0,178.0,147.0,254.0,254.0,252.0,13.0,7.0,5.0,15.0,3.0,3.0
1808920-A5-Foxp3.png,145.0,159.0,191.0,216.0,221.0,238.0,128.0,145.0,188.0,178.0,191.0,222.0,254.0,254.0,252.0,232.0,234.0,231.0,0.0,0.0,0.0
1808920-A5-PD1.png,150.0,164.0,190.0,204.0,211.0,226.0,184.0,143.0,128.0,238.0,217.0,196.0,254.0,254.0,252.0,233.0,235.0,232.0,0.0,0.0,0.0
1808920-A5-PDL1.png,118.0,134.0,166.0,157.0,170.0,214.0,228.0,198.0,168.0,196.0,132.0,77.0,254.0,254.0,252.0,207.0,206.0,201.0,0.0,0.0,0.0
1808920-A6-CD4-base.png,179.0,197.0,237.0,128.0,148.0,185.0,214.0,177.0,151.0,159.0,124.0,114.0,253.0,253.0,251.0,234.0,235.0,232.0,9.0,0.0,1.0
1808920-A6-CD8.png,175.0,191.0,207.0,84.0,85.0,119.0,116.0,96.0,101.0,117.0,93.0,85.0,254.0,254.0,252.0,15.0,3.0,9.0,0.0,0.0,0.0
1808920-A6-PDL1.png,89.0,98.0,136.0,141.0,160.0,203.0,208.0,126.0,79.0,199.0,165.0,148.0,254.0,254.0,252.0,215.0,219.0,220.0,0.0,0.0,0.0
1808925-A1-CD4-base.png,175.0,189.0,206.0,130.0,150.0,193.0,231.0,191.0,151.0,208.0,140.0,88.0,253.0,253.0,251.0,236.0,239.0,238.0,28.0,22.0,17.0
1808925-A1-CD8.png,90.0,118.0,172.0,149.0,172.0,201.0,153.0,116.0,118.0,173.0,155.0,148.0,254.0,254.0,252.0,230.0,232.0,229.0,0.0,0.0,0.0
1808925-A1-Foxp3.png,97.0,107.0,141.0,184.0,205.0,234.0,213.0,198.0,190.0,114.0,77.0,58.0,254.0,254.0,252.0,185.0,188.0,183.0,0.0,0.0,0.0
1808925-A1-PD1.png,112.0,126.0,165.0,237.0,243.0,252.0,175.0,129.0,101.0,194.0,175.0,165.0,255.0,255.0,255.0,62.0,70.0,72.0,0.0,0.0,0.0
1808925-A2-CD4-base.png,185.0,199.0,228.0,133.0,144.0,170.0,200.0,157.0,111.0,110.0,89.0,53.0,254.0,254.0,252.0,201.0,205.0,204.0,27.0,20.0,15.0
1808925-A2-CD8.png,230.0,235.0,252.0,134.0,144.0,171.0,145.0,100.0,76.0,138.0,83.0,60.0,253.0,253.0,251.0,50.0,47.0,44.0,0.0,0.0,0.0
1808925-A2-PD1.png,146.0,153.0,177.0,132.0,149.0,181.0,220.0,187.0,166.0,157.0,119.0,116.0,254.0,254.0,252.0,235.0,236.0,231.0,0.0,0.0,0.0
1808925-A2-PDL1.png,137.0,154.0,185.0,206.0,209.0,224.0,214.0,164.0,140.0,169.0,136.0,115.0,254.0,254.0,252.0,79.0,80.0,79.0,0.0,0.0,0.0
1808925-A3-CD4-base.png,180.0,199.0,234.0,119.0,155.0,195.0,84.0,61.0,57.0,181.0,164.0,151.0,253.0,253.0,251.0,236.0,238.0,235.0,13.0,4.0,1.0
1808925-A3-PD1.png,146.0,156.0,194.0,210.0,219.0,232.0,151.0,132.0,125.0,224.0,176.0,136.0,254.0,254.0,252.0,178.0,174.0,167.0,0.0,0.0,0.0
1808925-A3-PDL1.png,120.0,129.0,184.0,212.0,217.0,240.0,193.0,139.0,104.0,230.0,204.0,187.0,252.0,252.0,250.0,221.0,226.0,222.0,0.0,0.0,0.0
1808931-A1-CD4-base.png,186.0,199.0,229.0,189.0,202.0,226.0,185.0,159.0,126.0,223.0,171.0,135.0,254.0,254.0,252.0,236.0,238.0,235.0,239.0,241.0,238.0
1808931-A1-CD8.png,177.0,195.0,217.0,215.0,225.0,231.0,107.0,71.0,48.0,150.0,109.0,92.0,253.0,253.0,251.0,228.0,230.0,229.0,0.0,0.0,0.0
1808931-A1-Foxp3-resized.png,170.0,181.0,210.0,122.0,137.0,168.0,248.0,221.0,191.0,172.0,145.0,124.0,254.0,254.0,252.0,92.0,90.0,102.0,0.0,0.0,0.0
1808931-A1-PD1.png,197.0,210.0,218.0,221.0,226.0,230.0,146.0,160.0,189.0,109.0,117.0,167.0,251.0,251.0,249.0,128.0,133.0,137.0,0.0,0.0,0.0
1808931-A2-CD4-base.png,195.0,210.0,238.0,226.0,239.0,251.0,115.0,87.0,63.0,200.0,156.0,121.0,255.0,255.0,255.0,235.0,242.0,244.0,58.0,60.0,69.0
1808931-A2-Foxp3.png,187.0,201.0,216.0,88.0,99.0,156.0,229.0,172.0,120.0,194.0,159.0,127.0,253.0,254.0,249.0,88.0,101.0,109.0,0.0,0.0,0.0
1808931-A2-PD1-resized.png,191.0,200.0,219.0,231.0,228.0,236.0,154.0,114.0,105.0,246.0,222.0,197.0,251.0,251.0,249.0,229.0,229.0,227.0,74.0,73.0,71.0
1808931-A2-PDL1-resized.png,117.0,133.0,177.0,156.0,164.0,209.0,190.0,121.0,106.0,230.0,206.0,187.0,252.0,252.0,250.0,0.0,0.0,0.0,0.0,0.0,0.0
1808931-A3-CD4-base.png,121.0,138.0,197.0,172.0,187.0,213.0,213.0,188.0,178.0,157.0,113.0,95.0,251.0,251.0,249.0,232.0,232.0,230.0,226.0,225.0,221.0
1808931-A3-CD8.png,165.0,176.0,206.0,190.0,207.0,232.0,125.0,95.0,96.0,115.0,76.0,80.0,253.0,253.0,251.0,225.0,225.0,223.0,0.0,0.0,0.0
1808931-A3-PD1.png,128.0,146.0,181.0,195.0,204.0,213.0,203.0,142.0,96.0,225.0,196.0,150.0,253.0,253.0,251.0,220.0,219.0,214.0,0.0,0.0,0.0
1808931-A3-PDL1-resized.png,122.0,140.0,195.0,180.0,187.0,216.0,161.0,127.0,117.0,144.0,86.0,62.0,248.0,247.0,243.0,81.0,80.0,81.0,0.0,0.0,0.0
1808931-A4-CD4-base.png,152.0,167.0,211.0,208.0,220.0,246.0,157.0,89.0,60.0,230.0,187.0,159.0,252.0,252.0,250.0,0.0,0.0,2.0,0.0,0.0,0.0
1808931-A4-Foxp3.png,154.0,167.0,219.0,214.0,222.0,240.0,160.0,175.0,208.0,114.0,138.0,179.0,252.0,252.0,250.0,137.0,137.0,137.0,0.0,0.0,0.0
1808931-A4-PD1.png,140.0,150.0,181.0,211.0,217.0,236.0,205.0,168.0,141.0,144.0,93.0,68.0,250.0,251.0,246.0,233.0,234.0,228.0,0.0,0.0,0.0
1808931-A4-PDL1.png,154.0,163.0,196.0,220.0,225.0,240.0,170.0,143.0,132.0,88.0,47.0,47.0,252.0,252.0,250.0,232.0,233.0,230.0,0.0,0.0,0.0
1808933-A2-CD4-base.png,122.0,131.0,157.0,188.0,197.0,217.0,130.0,90.0,85.0,227.0,193.0,172.0,253.0,253.0,251.0,234.0,236.0,233.0,23.0,9.0,5.0
1808933-A2-CD8.png,186.0,203.0,231.0,225.0,227.0,233.0,65.0,42.0,37.0,173.0,118.0,90.0,253.0,253.0,253.0,226.0,231.0,234.0,0.0,0.0,0.0
1808933-A2-Foxp3.png,196.0,202.0,231.0,204.0,213.0,227.0,245.0,215.0,184.0,253.0,238.0,213.0,254.0,254.0,252.0,236.0,236.0,234.0,0.0,0.0,0.0
1808933-A2-PD1.png,107.0,111.0,130.0,197.0,204.0,228.0,217.0,176.0,147.0,222.0,206.0,189.0,252.0,252.0,250.0,11.0,13.0,12.0,0.0,0.0,0.0
1808933-A2-PDL1.png,134.0,145.0,185.0,176.0,184.0,200.0,81.0,50.0,48.0,141.0,114.0,115.0,254.0,254.0,252.0,140.0,148.0,150.0,0.0,0.0,0.0
1808933-A3-CD4-base.png,176.0,189.0,215.0,208.0,219.0,232.0,141.0,101.0,77.0,225.0,196.0,186.0,251.0,251.0,249.0,233.0,235.0,232.0,34.0,21.0,16.0
1808933-A3-CD8.png,80.0,71.0,103.0,184.0,185.0,203.0,234.0,163.0,153.0,221.0,203.0,187.0,253.0,253.0,253.0,220.0,219.0,215.0,0.0,0.0,0.0
1808933-A3-Foxp3.png,150.0,162.0,197.0,210.0,213.0,230.0,236.0,207.0,182.0,199.0,171.0,155.0,252.0,252.0,250.0,228.0,230.0,229.0,0.0,0.0,0.0
1808933-A3-PD1.png,162.0,177.0,216.0,225.0,230.0,242.0,172.0,178.0,191.0,114.0,138.0,188.0,254.0,254.0,252.0,8.0,8.0,19.0,235.0,235.0,233.0
1808933-A3-PDL1.png,121.0,140.0,176.0,208.0,216.0,239.0,143.0,102.0,96.0,235.0,210.0,193.0,253.0,253.0,251.0,234.0,236.0,235.0,0.0,0.0,0.0
1808944-A1-CD4-base.png,156.0,168.0,194.0,174.0,186.0,197.0,117.0,61.0,38.0,203.0,168.0,140.0,254.0,254.0,252.0,254.0,254.0,252.0,16.0,17.0,19.0
1808944-A2-CD4-base.png,74.0,97.0,148.0,221.0,225.0,236.0,177.0,133.0,97.0,197.0,153.0,122.0,252.0,252.0,250.0,231.0,242.0,245.0,2.0,0.0,0.0
1808944-A2-CD8.png,129.0,154.0,197.0,192.0,208.0,229.0,114.0,95.0,89.0,148.0,132.0,117.0,252.0,252.0,250.0,231.0,233.0,230.0,0.0,0.0,0.0
1808944-A2-Foxp3.png,122.0,141.0,190.0,193.0,206.0,223.0,186.0,167.0,158.0,143.0,117.0,100.0,250.0,251.0,246.0,237.0,237.0,235.0,0.0,0.0,0.0
1808944-A2-PDL1.png,140.0,154.0,183.0,166.0,169.0,197.0,170.0,120.0,88.0,194.0,154.0,125.0,254.0,254.0,252.0,230.0,230.0,229.0,28.0,22.0,19.0
1808944-A3-CD4-base.png,202.0,205.0,223.0,106.0,115.0,142.0,162.0,135.0,114.0,75.0,23.0,0.0,254.0,254.0,252.0,235.0,237.0,234.0,4.0,4.0,2.0
1808944-A3-CD8.png,140.0,159.0,192.0,203.0,207.0,214.0,83.0,38.0,29.0,146.0,72.0,63.0,252.0,252.0,250.0,231.0,231.0,230.0,0.0,0.0,0.0
1808944-A3-Foxp3-resized.png,162.0,174.0,201.0,232.0,236.0,244.0,234.0,212.0,188.0,243.0,218.0,196.0,253.0,254.0,249.0,75.0,74.0,71.0,0.0,0.0,0.0
1808944-A3-PD1-resized.png,137.0,159.0,201.0,227.0,232.0,242.0,222.0,190.0,156.0,213.0,187.0,168.0,253.0,253.0,251.0,201.0,201.0,199.0,0.0,0.0,0.0
1808944-A3-PDL1-resized.png,129.0,140.0,184.0,189.0,191.0,210.0,185.0,156.0,125.0,155.0,100.0,72.0,252.0,252.0,250.0,5.0,1.0,2.0,0.0,0.0,0.0
1808944-A4-CD4-base.png,138.0,147.0,178.0,237.0,241.0,242.0,158.0,104.0,69.0,69.0,51.0,48.0,252.0,253.0,248.0,235.0,235.0,233.0,25.0,25.0,25.0
1808944-A4-CD8.png,161.0,178.0,214.0,211.0,219.0,238.0,225.0,177.0,165.0,143.0,100.0,81.0,253.0,253.0,251.0,30.0,30.0,28.0,0.0,0.0,0.0
1808944-A4-Foxp3.png,110.0,122.0,164.0,219.0,218.0,226.0,217.0,202.0,189.0,67.0,55.0,44.0,254.0,254.0,252.0,234.0,234.0,232.0,0.0,0.0,0.0
1808944-A4-PD1.png,130.0,148.0,193.0,205.0,202.0,218.0,136.0,120.0,113.0,146.0,118.0,101.0,252.0,252.0,250.0,216.0,212.0,209.0,0.0,0.0,0.0
1808944-A4-PDL1.png,145.0,148.0,188.0,241.0,235.0,246.0,197.0,154.0,119.0,109.0,45.0,21.0,254.0,255.0,250.0,235.0,236.0,231.0,0.0,0.0,0.0
1808992-A1-CD4-base.png,127.0,132.0,177.0,104.0,103.0,128.0,176.0,116.0,74.0,94.0,29.0,26.0,253.0,253.0,251.0,161.0,166.0,170.0,15.0,20.0,26.0
1808992-A1-CD8.png,150.0,169.0,200.0,73.0,95.0,159.0,74.0,30.0,13.0,147.0,126.0,106.0,253.0,253.0,251.0,233.0,235.0,232.0,0.0,0.0,0.0
1808992-A1-PDL1.png,0.0,0.0,44.0,174.0,188.0,217.0,102.0,71.0,71.0,215.0,161.0,121.0,253.0,253.0,251.0,147.0,151.0,154.0,0.0,0.0,0.0
1808992-A2-CD4-base.png,174.0,177.0,195.0,161.0,164.0,198.0,53.0,22.0,13.0,232.0,193.0,169.0,253.0,253.0,251.0,200.0,204.0,203.0,7.0,1.0,0.0
1808992-A2-CD8.png,111.0,130.0,169.0,215.0,225.0,245.0,174.0,108.0,68.0,103.0,69.0,66.0,253.0,253.0,251.0,17.0,20.0,17.0,0.0,0.0,0.0
1808992-A2-Foxp3.png,126.0,134.0,173.0,171.0,183.0,221.0,202.0,189.0,172.0,203.0,184.0,178.0,253.0,253.0,251.0,75.0,80.0,86.0,0.0,0.0,0.0
1808992-A2-PDL1.png,110.0,124.0,170.0,228.0,228.0,248.0,212.0,166.0,134.0,169.0,121.0,92.0,253.0,253.0,251.0,213.0,217.0,216.0,0.0,0.0,0.0
1808992-A3-CD4-base.png,123.0,131.0,175.0,127.0,136.0,170.0,227.0,185.0,159.0,155.0,114.0,93.0,251.0,251.0,249.0,230.0,232.0,229.0,31.0,24.0,20.0
1808992-A3-CD8.png,117.0,133.0,169.0,185.0,190.0,203.0,58.0,30.0,22.0,104.0,79.0,77.0,253.0,253.0,251.0,28.0,30.0,24.0,0.0,0.0,0.0
1808992-A3-Foxp3.png,126.0,137.0,184.0,222.0,225.0,228.0,193.0,162.0,143.0,194.0,179.0,176.0,253.0,253.0,251.0,98.0,102.0,109.0,0.0,0.0,0.0
1808992-A3-PD1.png,198.0,207.0,227.0,159.0,172.0,210.0,196.0,157.0,123.0,112.0,87.0,79.0,252.0,252.0,250.0,181.0,185.0,184.0,0.0,0.0,0.0
1808992-A3-PDL1.png,93.0,102.0,156.0,215.0,227.0,252.0,227.0,166.0,119.0,159.0,120.0,102.0,251.0,251.0,249.0,218.0,219.0,221.0,0.0,0.0,0.0
1808992-A4-CD4-base.png,117.0,134.0,186.0,186.0,191.0,210.0,81.0,33.0,16.0,177.0,148.0,125.0,254.0,254.0,252.0,183.0,185.0,189.0,35.0,18.0,14.0
1808992-A4-CD8.png,107.0,113.0,170.0,172.0,182.0,213.0,107.0,57.0,40.0,170.0,131.0,114.0,254.0,254.0,252.0,232.0,234.0,233.0,0.0,0.0,0.0
1808992-A4-Foxp3.png,131.0,152.0,207.0,233.0,235.0,248.0,181.0,163.0,152.0,236.0,223.0,214.0,254.0,255.0,250.0,236.0,238.0,235.0,0.0,0.0,0.0
1808992-A4-PD1.png,163.0,171.0,212.0,179.0,186.0,201.0,94.0,48.0,46.0,148.0,120.0,108.0,253.0,253.0,251.0,211.0,213.0,212.0,19.0,19.0,21.0
1808992-A4-PDL1.png,96.0,104.0,146.0,187.0,186.0,203.0,173.0,106.0,77.0,205.0,157.0,132.0,253.0,254.0,249.0,216.0,220.0,219.0,0.0,0.0,0.0
1809007-A1-CD4-base.png,138.0,156.0,192.0,231.0,245.0,247.0,212.0,169.0,147.0,140.0,91.0,62.0,253.0,255.0,254.0,211.0,213.0,212.0,44.0,48.0,47.0
1809007-A1-CD8.png,86.0,104.0,161.0,232.0,232.0,234.0,171.0,124.0,107.0,226.0,193.0,158.0,244.0,244.0,242.0,233.0,235.0,232.0,0.0,0.0,0.0
1809007-A1-Foxp3.png,117.0,130.0,147.0,175.0,188.0,218.0,173.0,129.0,93.0,210.0,151.0,122.0,251.0,251.0,250.0,126.0,126.0,126.0,0.0,0.0,0.0
1809007-A1-PD1.png,141.0,151.0,188.0,203.0,215.0,227.0,139.0,103.0,82.0,229.0,180.0,123.0,254.0,254.0,250.0,30.0,18.0,30.0,0.0,0.0,0.0
1809007-A1-PDL1-resized.png,68.0,80.0,140.0,172.0,179.0,205.0,188.0,147.0,114.0,176.0,87.0,38.0,254.0,255.0,250.0,231.0,233.0,230.0,0.0,0.0,0.0
1809007-A2-CD4-base.png,193.0,200.0,212.0,217.0,221.0,223.0,225.0,160.0,118.0,108.0,64.0,25.0,254.0,255.0,250.0,236.0,238.0,235.0,11.0,3.0,3.0
1809007-A1-CD8.png,111.0,127.0,180.0,212.0,219.0,238.0,101.0,65.0,29.0,235.0,200.0,154.0,253.0,254.0,249.0,232.0,234.0,231.0,0.0,0.0,0.0
1809007-A1-Foxp3.png,131.0,146.0,189.0,222.0,232.0,246.0,136.0,84.0,51.0,186.0,142.0,127.0,252.0,252.0,250.0,125.0,128.0,127.0,0.0,0.0,0.0
1809007-A1-PD1.png,160.0,172.0,212.0,216.0,227.0,233.0,163.0,98.0,59.0,229.0,180.0,123.0,252.0,253.0,248.0,229.0,231.0,228.0,0.0,0.0,0.0
1809007-A1-PDL1-resized.png,99.0,114.0,178.0,222.0,229.0,234.0,149.0,99.0,72.0,223.0,191.0,171.0,252.0,252.0,250.0,232.0,233.0,228.0,0.0,0.0,0.0
1809007-A2-CD4-base.png,159.0,174.0,196.0,203.0,220.0,244.0,164.0,130.0,122.0,220.0,185.0,151.0,253.0,254.0,249.0,231.0,233.0,230.0,14.0,4.0,11.0
1809007-A2-CD8.png,105.0,120.0,166.0,173.0,178.0,193.0,91.0,56.0,46.0,160.0,128.0,111.0,251.0,251.0,249.0,191.0,197.0,197.0,0.0,0.0,0.0
1809007-A2-Foxp3.png,81.0,116.0,179.0,199.0,207.0,218.0,217.0,179.0,136.0,138.0,116.0,96.0,253.0,253.0,251.0,224.0,221.0,214.0,0.0,0.0,0.0
1809007-A2-PDL1.png,75.0,95.0,145.0,165.0,170.0,201.0,101.0,51.0,22.0,227.0,205.0,169.0,253.0,253.0,251.0,234.0,236.0,231.0,0.0,0.0,0.0
1809007-A3-CD4-base.png,126.0,144.0,170.0,187.0,201.0,224.0,202.0,170.0,147.0,185.0,98.0,45.0,254.0,254.0,252.0,233.0,235.0,232.0,13.0,13.0,12.0
1809007-A3-CD8.png,154.0,161.0,194.0,226.0,233.0,236.0,104.0,52.0,28.0,173.0,146.0,134.0,253.0,253.0,251.0,237.0,239.0,234.0,0.0,0.0,0.0
1809007-A3-Foxp3.png,141.0,163.0,205.0,172.0,183.0,204.0,155.0,114.0,85.0,242.0,209.0,169.0,252.0,252.0,250.0,120.0,128.0,131.0,0.0,0.0,0.0
1809007-A3-PD1.png,120.0,137.0,181.0,141.0,149.0,163.0,147.0,103.0,85.0,192.0,164.0,142.0,254.0,254.0,252.0,214.0,218.0,219.0,0.0,0.0,0.0
1809007-A3-PDL1.png,128.0,131.0,154.0,188.0,193.0,210.0,181.0,147.0,144.0,139.0,69.0,47.0,253.0,254.0,249.0,227.0,226.0,221.0,0.0,0.0,0.0
1809007-A3-PDL1.png,60.0,66.0,139.0,183.0,189.0,203.0,166.0,127.0,124.0,187.0,126.0,85.0,252.0,253.0,248.0,234.0,235.0,230.0,0.0,0.0,0.0
1809007-A4-CD8.png,186.0,202.0,224.0,131.0,141.0,175.0,139.0,79.0,55.0,81.0,45.0,51.0,255.0,255.0,255.0,234.0,242.0,244.0,0.0,0.0,0.0
1809007-A4-Foxp3.png,83.0,102.0,148.0,230.0,240.0,235.0,236.0,243.0,246.0,130.0,155.0,195.0,251.0,252.0,247.0,213.0,215.0,212.0,0.0,0.0,0.0
1809007-A4-PD1.png,132.0,146.0,184.0,214.0,221.0,229.0,209.0,168.0,148.0,66.0,38.0,43.0,254.0,253.0,249.0,222.0,224.0,221.0,0.0,0.0,0.0
1809009-A1-CD4-base.png,143.0,167.0,214.0,171.0,184.0,203.0,114.0,68.0,56.0,245.0,201.0,162.0,254.0,254.0,252.0,235.0,237.0,234.0,17.0,16.0,21.0
1809009-A1-CD8.png,173.0,188.0,221.0,144.0,155.0,190.0,126.0,89.0,80.0,198.0,144.0,118.0,254.0,254.0,252.0,238.0,239.0,234.0,0.0,0.0,0.0
1809009-A1-Foxp3.png,58.0,73.0,112.0,229.0,237.0,253.0,144.0,166.0,197.0,171.0,189.0,214.0,254.0,254.0,252.0,237.0,239.0,236.0,0.0,0.0,0.0
1809009-A1-PD1.png,143.0,158.0,198.0,166.0,189.0,224.0,160.0,134.0,113.0,160.0,134.0,113.0,254.0,254.0,252.0,157.0,155.0,142.0,0.0,0.0,0.0
1809009-A2-CD4-base.png,219.0,235.0,249.0,130.0,143.0,188.0,126.0,69.0,35.0,224.0,181.0,152.0,253.0,253.0,251.0,236.0,236.0,234.0,8.0,11.0,20.0
1809009-A2-CD8.png,165.0,177.0,212.0,224.0,228.0,233.0,93.0,51.0,32.0,121.0,98.0,84.0,254.0,254.0,252.0,254.0,255.0,253.0,0.0,0.0,0.0
1809009-A2-PD1.png,152.0,166.0,197.0,131.0,128.0,154.0,193.0,134.0,92.0,185.0,167.0,148.0,252.0,253.0,248.0,234.0,236.0,231.0,0.0,0.0,0.0
1809009-A2-PDL1-resized.png,72.0,70.0,114.0,213.0,224.0,228.0,198.0,154.0,132.0,109.0,51.0,38.0,254.0,254.0,252.0,170.0,175.0,178.0,0.0,0.0,0.0
1809009-A3-CD4-base.png,148.0,172.0,204.0,104.0,127.0,179.0,193.0,140.0,121.0,117.0,82.0,69.0,253.0,253.0,251.0,235.0,239.0,238.0,29.0,27.0,33.0
1809009-A3-CD8-resized.png,104.0,109.0,153.0,165.0,188.0,224.0,184.0,122.0,85.0,135.0,56.0,33.0,253.0,253.0,251.0,173.0,183.0,181.0,0.0,0.0,0.0
1809009-A3-Foxp3.png,181.0,194.0,227.0,190.0,206.0,232.0,107.0,91.0,91.0,112.0,35.0,19.0,254.0,254.0,252.0,7.0,7.0,11.0,0.0,0.0,0.0
1809009-A3-PD1-resized.png,155.0,170.0,202.0,56.0,64.0,107.0,163.0,88.0,65.0,114.0,81.0,77.0,253.0,253.0,251.0,236.0,238.0,235.0,0.0,0.0,0.0
1809009-A3-PDL1-resized.png,93.0,114.0,169.0,211.0,214.0,229.0,115.0,86.0,85.0,185.0,123.0,93.0,254.0,254.0,252.0,12.0,8.0,15.0,0.0,0.0,0.0
1809009-A4-CD4-base.png,61.0,79.0,125.0,163.0,179.0,221.0,162.0,92.0,56.0,78.0,32.0,8.0,254.0,254.0,252.0,235.0,237.0,234.0,55.0,53.0,52.0
1809009-A4-CD8.png,133.0,158.0,192.0,123.0,126.0,148.0,173.0,134.0,127.0,88.0,41.0,44.0,255.0,255.0,253.0,231.0,237.0,235.0,0.0,0.0,0.0
1809009-A4-Foxp3-resized.png,101.0,127.0,167.0,230.0,236.0,250.0,173.0,83.0,34.0,191.0,170.0,158.0,254.0,254.0,252.0,74.0,74.0,82.0,0.0,0.0,0.0
1809009-A4-PD1-resized.png,133.0,150.0,192.0,225.0,233.0,249.0,189.0,138.0,114.0,144.0,93.0,83.0,254.0,254.0,254.0,227.0,231.0,226.0,0.0,0.0,0.0
1809009-A4-PDL1-resized.png,123.0,135.0,189.0,222.0,223.0,228.0,105.0,66.0,64.0,231.0,186.0,153.0,253.0,253.0,251.0,232.0,234.0,231.0,0.0,0.0,0.0
1809009-A5-CD4-base.png,159.0,171.0,193.0,200.0,208.0,226.0,108.0,72.0,54.0,221.0,185.0,157.0,254.0,254.0,252.0,235.0,237.0,234.0,0.0,3.0,9.0
1809009-A5-Foxp3.png,165.0,177.0,210.0,219.0,227.0,246.0,164.0,125.0,119.0,172.0,128.0,90.0,254.0,254.0,252.0,237.0,239.0,236.0,0.0,0.0,0.0
1809010-A1-CD4-base.png,20.0,44.0,99.0,203.0,217.0,233.0,35.0,15.0,9.0,219.0,176.0,137.0,254.0,255.0,250.0,75.0,74.0,75.0,26.0,18.0,11.0
1809010-A1-CD8.png,132.0,147.0,184.0,189.0,200.0,226.0,34.0,13.0,10.0,117.0,81.0,77.0,254.0,254.0,254.0,31.0,28.0,28.0,0.0,0.0,0.0
1809010-A1-Foxp3-resized.png,194.0,206.0,238.0,117.0,136.0,174.0,108.0,88.0,76.0,226.0,207.0,192.0,253.0,253.0,251.0,33.0,35.0,38.0,0.0,0.0,0.0
1809010-A1-PDL1.png,135.0,145.0,200.0,153.0,163.0,207.0,205.0,151.0,117.0,113.0,61.0,40.0,254.0,254.0,252.0,221.0,225.0,224.0,0.0,0.0,0.0
1809010-A2-CD4-base.png,139.0,153.0,183.0,165.0,180.0,202.0,127.0,66.0,37.0,245.0,206.0,185.0,253.0,253.0,251.0,17.0,16.0,12.0,233.0,232.0,230.0
1809010-A2-CD8.png,140.0,156.0,197.0,201.0,204.0,214.0,116.0,85.0,77.0,164.0,143.0,127.0,252.0,253.0,248.0,235.0,237.0,234.0,0.0,0.0,0.0
1809010-A2-Foxp3.png,134.0,156.0,205.0,212.0,228.0,243.0,217.0,198.0,187.0,128.0,99.0,88.0,253.0,253.0,251.0,227.0,231.0,230.0,0.0,0.0,0.0
1809010-A2-PD1.png,130.0,148.0,197.0,230.0,238.0,247.0,214.0,202.0,188.0,148.0,113.0,95.0,253.0,255.0,253.0,186.0,191.0,194.0,0.0,0.0,0.0
1809010-A2-PDL1.png,121.0,143.0,188.0,181.0,187.0,211.0,181.0,143.0,114.0,188.0,122.0,98.0,252.0,252.0,250.0,205.0,210.0,208.0,0.0,0.0,0.0
1809010-A3-CD4-base.png,115.0,136.0,181.0,224.0,230.0,243.0,135.0,66.0,40.0,152.0,123.0,99.0,253.0,253.0,251.0,76.0,111.0,120.0,11.0,11.0,3.0
1809010-A3-CD8.png,216.0,222.0,245.0,110.0,126.0,169.0,86.0,48.0,35.0,215.0,161.0,134.0,254.0,254.0,252.0,27.0,29.0,27.0,0.0,0.0,0.0
1809010-A3-Foxp3.png,176.0,193.0,215.0,232.0,237.0,243.0,229.0,198.0,158.0,139.0,123.0,105.0,250.0,250.0,248.0,236.0,238.0,235.0,0.0,0.0,0.0
1809010-A4-CD4-base.png,127.0,143.0,181.0,85.0,101.0,139.0,58.0,32.0,25.0,153.0,124.0,102.0,254.0,254.0,252.0,185.0,193.0,195.0,8.0,10.0,1.0
1809010-A4-Foxp3.png,130.0,149.0,178.0,234.0,239.0,246.0,125.0,106.0,100.0,118.0,104.0,96.0,254.0,254.0,252.0,218.0,222.0,221.0,0.0,0.0,0.0
1809010-A4-PD1.png,188.0,200.0,225.0,161.0,177.0,211.0,103.0,89.0,79.0,141.0,129.0,116.0,253.0,253.0,251.0,172.0,171.0,166.0,0.0,0.0,0.0
1809017-A1-CD4-base.png,176.0,190.0,217.0,193.0,207.0,234.0,119.0,62.0,44.0,203.0,140.0,91.0,255.0,255.0,253.0,230.0,232.0,229.0,3.0,3.0,5.0
1809017-A1-CD8.png,84.0,119.0,173.0,153.0,176.0,209.0,136.0,123.0,114.0,50.0,23.0,15.0,249.0,251.0,244.0,188.0,192.0,191.0,0.0,0.0,0.0
1809017-A1-Foxp3.png,129.0,142.0,185.0,224.0,235.0,247.0,98.0,47.0,24.0,169.0,119.0,83.0,254.0,254.0,252.0,189.0,197.0,199.0,0.0,0.0,0.0
1809017-A1-PD1-resized.png,156.0,166.0,194.0,207.0,216.0,225.0,104.0,82.0,67.0,87.0,71.0,65.0,254.0,254.0,252.0,238.0,242.0,241.0,0.0,0.0,0.0
1809017-A1-PDL1-resized.png,114.0,126.0,169.0,140.0,145.0,163.0,182.0,152.0,136.0,186.0,95.0,71.0,253.0,253.0,251.0,145.0,144.0,139.0,0.0,0.0,0.0
1809017-A2-CD4-base.png,204.0,213.0,218.0,124.0,151.0,194.0,117.0,67.0,41.0,230.0,155.0,88.0,252.0,252.0,250.0,7.0,1.0,0.0,206.0,208.0,204.0
1809017-A2-CD8.png,150.0,161.0,209.0,211.0,209.0,226.0,119.0,73.0,70.0,177.0,156.0,119.0,253.0,253.0,251.0,233.0,235.0,232.0,0.0,0.0,0.0
1809017-A2-Foxp3.png,142.0,156.0,195.0,197.0,208.0,225.0,157.0,121.0,97.0,187.0,170.0,133.0,253.0,253.0,251.0,92.0,96.0,98.0,0.0,0.0,0.0
1809017-A3-CD4-base.png,107.0,123.0,173.0,137.0,154.0,180.0,115.0,77.0,76.0,195.0,119.0,68.0,255.0,255.0,251.0,160.0,160.0,154.0,3.0,2.0,5.0
1809017-A3-CD8.png,160.0,170.0,204.0,206.0,215.0,241.0,163.0,122.0,110.0,147.0,96.0,88.0,253.0,253.0,251.0,236.0,238.0,233.0,0.0,0.0,0.0
1809017-A3-Foxp3.png,102.0,120.0,165.0,197.0,209.0,231.0,133.0,115.0,100.0,194.0,172.0,140.0,254.0,254.0,252.0,152.0,160.0,163.0,0.0,0.0,0.0
1809017-A3-PD1.png,115.0,128.0,159.0,185.0,197.0,218.0,170.0,152.0,130.0,156.0,138.0,116.0,254.0,254.0,252.0,236.0,238.0,235.0,0.0,0.0,0.0
1809017-A3-PDL1.png,107.0,119.0,171.0,173.0,188.0,223.0,188.0,142.0,137.0,198.0,142.0,115.0,254.0,254.0,252.0,214.0,218.0,217.0,0.0,0.0,0.0
1809048-A1-CD4-base.png,33.0,57.0,113.0,176.0,188.0,203.0,177.0,130.0,97.0,140.0,86.0,60.0,249.0,249.0,247.0,232.0,233.0,228.0,10.0,5.0,10.0
1809048-A1-Foxp3-resized.png,131.0,138.0,157.0,210.0,220.0,231.0,127.0,141.0,177.0,152.0,168.0,190.0,250.0,251.0,246.0,27.0,30.0,35.0,0.0,0.0,0.0
1809048-A1-PD1-resized.png,71.0,83.0,123.0,175.0,185.0,211.0,202.0,147.0,122.0,130.0,103.0,102.0,253.0,254.0,249.0,237.0,237.0,229.0,0.0,0.0,0.0
1809048-A1-PDL1.png,87.0,97.0,148.0,227.0,226.0,235.0,210.0,151.0,122.0,194.0,138.0,114.0,253.0,253.0,251.0,233.0,234.0,229.0,0.0,0.0,0.0
1809048-A2-CD4-bubble-base.png,168.0,173.0,193.0,81.0,95.0,147.0,216.0,176.0,145.0,113.0,84.0,78.0,251.0,251.0,249.0,233.0,233.0,231.0,26.0,21.0,19.0
1809048-A2-CD8-resized.png,126.0,133.0,173.0,144.0,152.0,180.0,126.0,90.0,79.0,197.0,163.0,152.0,251.0,251.0,249.0,238.0,238.0,236.0,0.0,0.0,0.0
1809048-A2-Foxp3.png,151.0,163.0,204.0,203.0,216.0,229.0,147.0,152.0,186.0,186.0,194.0,211.0,252.0,252.0,250.0,230.0,231.0,226.0,0.0,0.0,0.0
1809048-A2-PD1-resized.png,221.0,226.0,237.0,180.0,183.0,202.0,185.0,164.0,153.0,224.0,182.0,147.0,254.0,254.0,252.0,159.0,156.0,149.0,0.0,0.0,0.0
1809048-A3-CD4-base.png,118.0,139.0,179.0,68.0,87.0,155.0,146.0,83.0,59.0,243.0,203.0,170.0,251.0,251.0,249.0,233.0,235.0,232.0,14.0,7.0,2.0
1809048-A3-CD8-resized.png,97.0,93.0,128.0,173.0,187.0,208.0,106.0,67.0,50.0,107.0,90.0,77.0,253.0,253.0,251.0,209.0,213.0,212.0,0.0,0.0,0.0
1809048-A3-Foxp3-resized.png,114.0,141.0,183.0,181.0,189.0,205.0,212.0,177.0,150.0,178.0,145.0,135.0,253.0,253.0,251.0,85.0,93.0,97.0,0.0,0.0,0.0
1809048-A3-PD1-resized.png,166.0,172.0,201.0,201.0,208.0,234.0,88.0,47.0,45.0,219.0,178.0,143.0,254.0,254.0,252.0,123.0,131.0,134.0,0.0,0.0,0.0
1809048-A3-PDL1.png,147.0,165.0,214.0,70.0,78.0,149.0,211.0,115.0,81.0,192.0,144.0,128.0,251.0,251.0,249.0,235.0,237.0,234.0,0.0,0.0,0.0
1809048-A4-CD4-base.png,186.0,205.0,241.0,215.0,223.0,236.0,151.0,105.0,80.0,159.0,89.0,63.0,254.0,254.0,251.0,181.0,187.0,185.0,14.0,10.0,8.0
1809048-A4-PDL1.png,93.0,98.0,138.0,120.0,128.0,155.0,158.0,99.0,85.0,209.0,167.0,136.0,254.0,255.0,250.0,161.0,169.0,171.0,0.0,0.0,0.0
1809057-A1-CD4-base.png,240.0,243.0,254.0,165.0,174.0,205.0,130.0,96.0,89.0,155.0,86.0,68.0,254.0,254.0,252.0,234.0,236.0,233.0,20.0,24.0,27.0
1809057-A1-CD8.png,106.0,132.0,178.0,177.0,186.0,208.0,199.0,159.0,141.0,208.0,183.0,170.0,254.0,254.0,252.0,239.0,239.0,237.0,0.0,0.0,0.0
1809057-A1-Foxp3-resized.png,152.0,167.0,196.0,203.0,213.0,232.0,221.0,183.0,152.0,153.0,118.0,94.0,252.0,252.0,250.0,235.0,235.0,233.0,0.0,0.0,0.0
1809057-A1-PDL1.png,110.0,119.0,179.0,216.0,220.0,240.0,219.0,181.0,159.0,159.0,97.0,71.0,253.0,254.0,249.0,229.0,231.0,230.0,0.0,0.0,0.0
1809057-A2-CD4-base.png,107.0,136.0,176.0,216.0,229.0,245.0,185.0,122.0,84.0,103.0,44.0,36.0,254.0,254.0,252.0,236.0,238.0,235.0,15.0,1.0,12.0
1809057-A2-CD8.png,92.0,113.0,170.0,163.0,174.0,206.0,197.0,140.0,111.0,236.0,180.0,156.0,251.0,250.0,245.0,26.0,21.0,21.0,0.0,0.0,0.0
1809057-A2-Foxp3.png,86.0,111.0,164.0,222.0,229.0,245.0,160.0,125.0,85.0,236.0,197.0,166.0,249.0,249.0,247.0,39.0,37.0,42.0,0.0,0.0,0.0
1809057-A2-PD1.png,119.0,132.0,170.0,175.0,182.0,196.0,157.0,126.0,95.0,146.0,71.0,23.0,253.0,253.0,251.0,233.0,235.0,232.0,0.0,0.0,0.0
1809057-A2-PDL1.png,116.0,132.0,173.0,224.0,227.0,241.0,144.0,105.0,96.0,202.0,159.0,141.0,253.0,253.0,251.0,242.0,243.0,237.0,0.0,0.0,0.0
1809057-A3-CD4-base.png,199.0,214.0,240.0,159.0,165.0,195.0,244.0,174.0,119.0,134.0,66.0,28.0,253.0,253.0,251.0,230.0,234.0,233.0,2.0,9.0,15.0
1809057-A3-CD8.png,165.0,176.0,208.0,180.0,183.0,202.0,141.0,106.0,91.0,180.0,117.0,107.0,253.0,253.0,253.0,237.0,239.0,238.0,0.0,0.0,0.0
1809057-A3-Foxp3.png,201.0,216.0,242.0,78.0,88.0,137.0,233.0,194.0,177.0,124.0,79.0,40.0,254.0,254.0,252.0,224.0,223.0,218.0,0.0,0.0,0.0
1809057-A3-PD1.png,132.0,140.0,184.0,208.0,215.0,242.0,173.0,137.0,134.0,186.0,162.0,135.0,252.0,252.0,250.0,234.0,236.0,233.0,0.0,0.0,0.0
1809057-A3-PDL1.png,142.0,151.0,184.0,223.0,231.0,231.0,160.0,108.0,95.0,239.0,190.0,151.0,253.0,253.0,251.0,12.0,10.0,25.0,0.0,0.0,0.0
1809058-A1-CD4-base.png,118.0,134.0,177.0,182.0,198.0,204.0,76.0,33.0,11.0,194.0,138.0,109.0,252.0,252.0,250.0,233.0,235.0,234.0,13.0,11.0,8.0
1809058-A1-CD8.png,97.0,127.0,183.0,230.0,238.0,253.0,117.0,77.0,70.0,144.0,113.0,98.0,254.0,254.0,252.0,237.0,239.0,236.0,32.0,38.0,48.0
1809058-A1-Foxp3.png,161.0,172.0,211.0,205.0,208.0,224.0,144.0,118.0,106.0,184.0,166.0,145.0,253.0,253.0,251.0,159.0,159.0,151.0,0.0,0.0,0.0
1809058-A1-PD1.png,132.0,150.0,198.0,229.0,237.0,239.0,157.0,130.0,123.0,71.0,49.0,56.0,254.0,254.0,252.0,128.0,129.0,125.0,0.0,0.0,0.0
1809058-A1-PDL1.png,166.0,173.0,204.0,202.0,204.0,218.0,130.0,106.0,91.0,183.0,157.0,132.0,253.0,253.0,251.0,236.0,237.0,235.0,0.0,0.0,0.0
1809058-A2-CD4-base.png,163.0,168.0,196.0,211.0,218.0,235.0,105.0,51.0,30.0,137.0,82.0,46.0,253.0,253.0,251.0,237.0,239.0,236.0,40.0,36.0,33.0
1809058-A2-CD8.png,172.0,182.0,193.0,121.0,133.0,175.0,87.0,57.0,48.0,131.0,108.0,108.0,253.0,253.0,251.0,238.0,240.0,237.0,0.0,0.0,0.0
1809058-A2-Foxp3-resized.png,106.0,122.0,150.0,203.0,210.0,221.0,151.0,159.0,189.0,216.0,220.0,231.0,253.0,254.0,249.0,76.0,81.0,84.0,0.0,0.0,0.0
1809058-A2-PD1-resized.png,190.0,199.0,217.0,233.0,236.0,244.0,162.0,176.0,211.0,204.0,207.0,218.0,254.0,254.0,252.0,240.0,242.0,239.0,0.0,0.0,0.0
1809058-A2-PDL1.png,203.0,199.0,222.0,147.0,161.0,194.0,202.0,147.0,124.0,249.0,205.0,199.0,251.0,251.0,249.0,5.0,9.0,10.0,0.0,0.0,0.0
1809058-A3-CD4-base.png,197.0,212.0,235.0,223.0,232.0,241.0,139.0,94.0,71.0,206.0,155.0,126.0,254.0,254.0,252.0,237.0,241.0,240.0,10.0,5.0,2.0
1809058-A3-CD8.png,136.0,136.0,186.0,236.0,237.0,246.0,147.0,110.0,100.0,220.0,194.0,175.0,253.0,253.0,250.0,233.0,235.0,234.0,0.0,0.0,0.0
1809058-A3-Foxp3.png,143.0,154.0,177.0,236.0,237.0,242.0,130.0,138.0,158.0,227.0,233.0,238.0,252.0,252.0,250.0,21.0,23.0,25.0,0.0,0.0,0.0
1809058-A3-PD1.png,177.0,190.0,213.0,111.0,127.0,161.0,173.0,183.0,194.0,164.0,176.0,209.0,252.0,252.0,250.0,176.0,178.0,176.0,0.0,0.0,0.0
1809058-A3-PDL1.png,127.0,132.0,168.0,185.0,195.0,210.0,174.0,137.0,119.0,205.0,181.0,166.0,254.0,254.0,252.0,226.0,232.0,230.0,0.0,0.0,0.0
1809077-A1-CD4-base.png,214.0,225.0,241.0,144.0,166.0,204.0,138.0,78.0,46.0,173.0,148.0,132.0,253.0,253.0,251.0,22.0,9.0,7.0,9.0,11.0,10.0
1809077-A1-Foxp3.png,131.0,147.0,196.0,235.0,238.0,242.0,152.0,134.0,123.0,224.0,199.0,181.0,253.0,253.0,251.0,228.0,227.0,223.0,0.0,0.0,0.0
1809077-A1-PD1.png,135.0,156.0,202.0,203.0,212.0,240.0,133.0,149.0,194.0,217.0,227.0,234.0,252.0,252.0,250.0,228.0,229.0,231.0,0.0,0.0,0.0
1809077-A1-PDL1.png,145.0,144.0,176.0,167.0,164.0,185.0,248.0,208.0,171.0,244.0,186.0,149.0,254.0,255.0,250.0,218.0,220.0,215.0,0.0,0.0,0.0
1809077-A2-CD4-base.png,157.0,181.0,209.0,202.0,209.0,217.0,181.0,130.0,92.0,89.0,55.0,39.0,253.0,253.0,251.0,116.0,120.0,121.0,41.0,45.0,50.0
1809077-A2-Foxp3-resized.png,93.0,122.0,162.0,193.0,206.0,217.0,144.0,117.0,104.0,205.0,172.0,139.0,254.0,254.0,251.0,26.0,20.0,20.0,0.0,0.0,0.0
1809077-A2-PD1-resized.png,165.0,175.0,207.0,187.0,195.0,224.0,145.0,105.0,85.0,220.0,189.0,164.0,253.0,253.0,251.0,124.0,137.0,149.0,0.0,0.0,0.0
1809077-A3-CD4-base.png,72.0,86.0,140.0,144.0,156.0,204.0,168.0,125.0,97.0,202.0,145.0,89.0,254.0,254.0,252.0,20.0,23.0,23.0,0.0,0.0,9.0
1809077-A3-Foxp3.png,102.0,122.0,167.0,169.0,185.0,206.0,161.0,119.0,89.0,208.0,144.0,103.0,250.0,250.0,248.0,221.0,225.0,226.0,0.0,0.0,0.0
1809077-A3-PD1.png,102.0,112.0,149.0,175.0,197.0,224.0,169.0,182.0,215.0,194.0,212.0,239.0,252.0,253.0,248.0,0.0,0.0,0.0,0.0,0.0,0.0
1809077-A4-CD4-base.png,188.0,201.0,234.0,187.0,208.0,218.0,194.0,140.0,122.0,189.0,143.0,116.0,252.0,252.0,250.0,235.0,237.0,234.0,48.0,52.0,53.0
1809077-A4-CD8.png,112.0,128.0,178.0,212.0,220.0,227.0,65.0,43.0,35.0,93.0,56.0,53.0,252.0,253.0,248.0,217.0,219.0,213.0,0.0,0.0,0.0
1809077-A4-Foxp3.png,146.0,161.0,214.0,198.0,209.0,221.0,195.0,166.0,146.0,164.0,144.0,134.0,253.0,253.0,251.0,223.0,227.0,228.0,0.0,0.0,0.0
1809077-A5-CD4-base.png,183.0,199.0,214.0,141.0,157.0,178.0,111.0,82.0,58.0,183.0,148.0,143.0,253.0,253.0,251.0,234.0,236.0,233.0,115.0,111.0,102.0
1809077-A5-CD8.png,116.0,145.0,188.0,158.0,174.0,204.0,87.0,43.0,22.0,153.0,119.0,106.0,254.0,254.0,250.0,207.0,209.0,208.0,0.0,0.0,0.0
1809077-A5-Foxp3.png,130.0,151.0,204.0,196.0,204.0,224.0,108.0,127.0,173.0,173.0,187.0,220.0,251.0,251.0,249.0,148.0,154.0,156.0,0.0,0.0,0.0
1809077-A5-PD1.png,134.0,165.0,209.0,195.0,203.0,223.0,103.0,75.0,76.0,105.0,87.0,80.0,253.0,253.0,251.0,228.0,230.0,229.0,0.0,0.0,0.0
1809077-A5-PDL1.png,132.0,142.0,175.0,142.0,162.0,199.0,151.0,131.0,133.0,124.0,79.0,68.0,252.0,252.0,250.0,198.0,207.0,206.0,0.0,0.0,0.0
1809077-A6-CD4-base.png,118.0,141.0,183.0,198.0,214.0,239.0,83.0,46.0,26.0,213.0,145.0,110.0,254.0,254.0,254.0,227.0,231.0,230.0,3.0,7.0,3.0
1809077-A6-CD8.png,89.0,111.0,159.0,145.0,168.0,204.0,134.0,113.0,109.0,72.0,44.0,31.0,250.0,250.0,247.0,96.0,97.0,99.0,0.0,0.0,0.0
1809077-A6-Foxp3.png,169.0,181.0,210.0,208.0,214.0,219.0,130.0,91.0,60.0,223.0,187.0,157.0,254.0,254.0,252.0,177.0,181.0,180.0,0.0,0.0,0.0
1809077-A6-PD1.png,87.0,108.0,154.0,163.0,177.0,205.0,101.0,111.0,155.0,177.0,200.0,236.0,251.0,251.0,249.0,142.0,148.0,145.0,0.0,0.0,0.0
1809077-A6-PDL1.png,125.0,135.0,191.0,204.0,213.0,237.0,165.0,122.0,103.0,186.0,147.0,115.0,252.0,252.0,250.0,157.0,159.0,156.0,0.0,0.0,0.0
1809085-A1-CD4-base.png,194.0,215.0,232.0,152.0,158.0,194.0,219.0,159.0,105.0,164.0,105.0,70.0,253.0,253.0,251.0,190.0,196.0,196.0,28.0,22.0,14.0
1809085-A1-CD8.png,145.0,159.0,194.0,212.0,219.0,223.0,213.0,143.0,103.0,112.0,68.0,33.0,251.0,252.0,247.0,213.0,214.0,208.0,0.0,0.0,0.0
1809085-A1-Foxp3.png,150.0,163.0,194.0,181.0,197.0,212.0,200.0,208.0,229.0,127.0,147.0,175.0,252.0,252.0,250.0,227.0,229.0,226.0,0.0,0.0,0.0
1809085-A1-PD1.png,159.0,176.0,219.0,215.0,223.0,239.0,199.0,206.0,224.0,211.0,220.0,232.0,253.0,254.0,249.0,51.0,55.0,58.0,0.0,0.0,0.0
1809085-A1-PDL1.png,103.0,117.0,165.0,164.0,173.0,204.0,123.0,67.0,26.0,211.0,186.0,163.0,253.0,253.0,251.0,235.0,235.0,233.0,0.0,0.0,0.0
1809085-A2-CD4-base.png,102.0,131.0,172.0,208.0,213.0,233.0,93.0,47.0,24.0,220.0,161.0,138.0,252.0,252.0,250.0,209.0,205.0,199.0,22.0,8.0,4.0
1809085-A2-CD8.png,163.0,184.0,202.0,196.0,204.0,237.0,227.0,191.0,179.0,153.0,113.0,89.0,253.0,253.0,251.0,27.0,22.0,26.0,0.0,0.0,0.0
1809085-A2-Foxp3.png,150.0,173.0,203.0,212.0,219.0,228.0,148.0,164.0,180.0,169.0,183.0,199.0,252.0,252.0,250.0,206.0,208.0,205.0,0.0,0.0,0.0
1809085-A2-PD1.png,115.0,131.0,183.0,176.0,184.0,210.0,196.0,201.0,217.0,206.0,220.0,249.0,252.0,252.0,250.0,233.0,235.0,232.0,0.0,0.0,0.0
1809085-A2-PDL1.png,108.0,128.0,177.0,172.0,181.0,206.0,196.0,160.0,148.0,166.0,137.0,118.0,252.0,252.0,250.0,187.0,192.0,195.0,0.0,0.0,0.0
1809085-A3-CD4-base.png,193.0,206.0,236.0,171.0,186.0,207.0,142.0,78.0,37.0,155.0,110.0,94.0,252.0,254.0,253.0,232.0,240.0,242.0,17.0,11.0,8.0
1809085-A3-CD8.png,116.0,132.0,185.0,181.0,198.0,216.0,200.0,150.0,139.0,172.0,134.0,132.0,253.0,253.0,251.0,169.0,166.0,161.0,0.0,0.0,0.0
1809085-A3-Foxp3.png,183.0,197.0,230.0,210.0,217.0,239.0,190.0,207.0,233.0,197.0,209.0,226.0,252.0,253.0,248.0,143.0,149.0,149.0,0.0,0.0,0.0
1809085-A3-PD1.png,147.0,168.0,213.0,206.0,213.0,230.0,177.0,185.0,199.0,168.0,189.0,228.0,253.0,253.0,251.0,83.0,82.0,64.0,0.0,0.0,0.0
1809085-A3-PDL1.png,186.0,201.0,224.0,200.0,210.0,233.0,137.0,66.0,40.0,233.0,207.0,186.0,253.0,254.0,249.0,192.0,194.0,191.0,0.0,0.0,0.0
1809199-A1-CD4-base.png,117.0,139.0,176.0,152.0,177.0,206.0,149.0,83.0,57.0,255.0,209.0,167.0,252.0,252.0,250.0,235.0,237.0,234.0,8.0,6.0,9.0
1809199-A1-PD1.png,125.0,126.0,158.0,218.0,226.0,246.0,179.0,195.0,229.0,175.0,182.0,206.0,251.0,251.0,249.0,18.0,19.0,29.0,27.0,34.0,39.0
1809199-A2-CD4-base.png,199.0,215.0,219.0,172.0,198.0,224.0,135.0,85.0,71.0,192.0,151.0,105.0,254.0,255.0,250.0,130.0,132.0,131.0,228.0,228.0,226.0
1809199-A2-CD8.png,164.0,184.0,198.0,106.0,122.0,163.0,143.0,125.0,119.0,143.0,125.0,119.0,253.0,253.0,251.0,0.0,0.0,0.0,68.0,68.0,76.0
1809199-A2-Foxp3.png,196.0,211.0,216.0,174.0,190.0,214.0,235.0,216.0,202.0,133.0,83.0,55.0,255.0,255.0,255.0,211.0,212.0,207.0,0.0,0.0,0.0
1809199-A2-PD1.png,128.0,148.0,190.0,204.0,212.0,225.0,200.0,214.0,246.0,173.0,182.0,200.0,252.0,253.0,248.0,181.0,186.0,189.0,0.0,0.0,0.0
1809199-A2-PD1.png,140.0,149.0,218.0,179.0,190.0,211.0,147.0,159.0,213.0,153.0,165.0,188.0,252.0,252.0,250.0,57.0,56.0,56.0,0.0,0.0,0.0
1809199-A3-CD4-base.png,164.0,176.0,201.0,215.0,222.0,232.0,244.0,182.0,133.0,111.0,65.0,29.0,251.0,251.0,249.0,206.0,210.0,209.0,22.0,5.0,2.0
1809199-A3-PD1.png,189.0,197.0,217.0,169.0,181.0,206.0,230.0,212.0,194.0,210.0,137.0,79.0,250.0,250.0,248.0,245.0,80.0,60.0,0.0,0.0,0.0
1809199-A3-PDL1.png,176.0,180.0,209.0,214.0,214.0,226.0,244.0,196.0,150.0,178.0,121.0,81.0,252.0,252.0,250.0,228.0,230.0,227.0,0.0,0.0,0.0
1809199-A4-CD4-base.png,165.0,179.0,198.0,91.0,106.0,129.0,147.0,102.0,83.0,165.0,117.0,70.0,233.0,235.0,232.0,108.0,101.0,89.0,15.0,0.0,0.0
1809199-A4-CD8-resized.png,105.0,135.0,187.0,188.0,208.0,232.0,136.0,95.0,68.0,245.0,209.0,189.0,254.0,254.0,254.0,196.0,198.0,197.0,0.0,0.0,0.0
1809199-A4-Foxp3.png,176.0,190.0,222.0,138.0,161.0,193.0,131.0,146.0,185.0,190.0,197.0,211.0,253.0,253.0,251.0,41.0,40.0,40.0,0.0,0.0,0.0
1809199-A4-PD1-resized.png,143.0,148.0,180.0,134.0,143.0,185.0,186.0,171.0,143.0,216.0,198.0,189.0,252.0,252.0,250.0,3.0,3.0,3.0,0.0,0.0,0.0
1809199-A4-PDL1.png,144.0,159.0,201.0,210.0,214.0,233.0,96.0,45.0,35.0,247.0,188.0,159.0,254.0,255.0,250.0,179.0,184.0,187.0,0.0,0.0,0.0
1809214-A1-CD4-base.png,189.0,197.0,218.0,143.0,133.0,170.0,52.0,12.0,12.0,229.0,199.0,162.0,253.0,253.0,251.0,229.0,230.0,227.0,23.0,12.0,8.0
1809214-A1-CD8.png,98.0,129.0,190.0,150.0,161.0,183.0,166.0,108.0,88.0,117.0,88.0,74.0,251.0,252.0,247.0,223.0,225.0,219.0,0.0,0.0,0.0
1809214-A1-PD1.png,93.0,112.0,160.0,178.0,190.0,207.0,99.0,119.0,173.0,145.0,159.0,190.0,251.0,251.0,249.0,236.0,237.0,232.0,0.0,0.0,0.0
1809214-A1-PDL1.png,87.0,99.0,149.0,171.0,173.0,203.0,117.0,53.0,24.0,232.0,187.0,160.0,250.0,252.0,249.0,233.0,235.0,232.0,0.0,0.0,0.0
1809214-A2-CD4-base.png,170.0,172.0,214.0,156.0,168.0,210.0,153.0,89.0,65.0,224.0,161.0,119.0,253.0,253.0,251.0,235.0,237.0,234.0,7.0,8.0,7.0
1809214-A2-CD8.png,115.0,121.0,144.0,177.0,185.0,212.0,197.0,166.0,162.0,155.0,122.0,96.0,237.0,234.0,229.0,0.0,0.0,0.0,0.0,0.0,0.0
1809214-A2-CD8.png,166.0,176.0,205.0,127.0,147.0,179.0,102.0,66.0,46.0,206.0,179.0,160.0,252.0,252.0,250.0,242.0,239.0,234.0,0.0,0.0,0.0
1809214-A2-PD1.png,128.0,144.0,192.0,139.0,153.0,171.0,205.0,161.0,111.0,178.0,113.0,70.0,254.0,254.0,252.0,230.0,232.0,228.0,0.0,0.0,0.0
1809214-A2-PDL1.png,173.0,180.0,216.0,114.0,125.0,155.0,218.0,147.0,93.0,197.0,178.0,171.0,230.0,232.0,229.0,0.0,0.0,0.0,0.0,0.0,0.0
1809214-A2-PDL1.png,134.0,143.0,180.0,181.0,184.0,206.0,166.0,108.0,83.0,196.0,166.0,148.0,253.0,253.0,251.0,222.0,224.0,221.0,0.0,0.0,0.0
1809214-A3-CD4-base.png,202.0,210.0,231.0,126.0,141.0,174.0,180.0,153.0,151.0,206.0,173.0,129.0,254.0,255.0,250.0,233.0,235.0,232.0,16.0,6.0,2.0
1809214-A3-CD8.png,190.0,206.0,232.0,222.0,230.0,247.0,209.0,165.0,159.0,103.0,51.0,24.0,254.0,255.0,250.0,192.0,189.0,185.0,0.0,0.0,0.0
1809230-A1-CD4-base.png,141.0,149.0,187.0,201.0,210.0,227.0,60.0,15.0,0.0,232.0,170.0,125.0,254.0,254.0,252.0,232.0,234.0,233.0,36.0,24.0,20.0
1809230-A1-PDL1.png,182.0,184.0,207.0,214.0,224.0,240.0,198.0,136.0,104.0,151.0,107.0,100.0,254.0,254.0,252.0,54.0,48.0,41.0,0.0,0.0,0.0
1809230-A2-CD4-base.png,186.0,194.0,220.0,203.0,207.0,219.0,173.0,116.0,75.0,96.0,54.0,32.0,254.0,254.0,253.0,238.0,239.0,234.0,19.0,20.0,22.0
1809230-A2-CD8.png,151.0,174.0,208.0,153.0,164.0,194.0,134.0,93.0,57.0,187.0,148.0,131.0,254.0,254.0,252.0,204.0,206.0,200.0,0.0,0.0,0.0
1809230-A2-Foxp3.png,184.0,192.0,212.0,203.0,207.0,221.0,201.0,171.0,156.0,189.0,177.0,165.0,254.0,254.0,252.0,238.0,239.0,236.0,0.0,0.0,0.0
1809230-A2-PD1.png,197.0,206.0,224.0,221.0,230.0,241.0,168.0,181.0,207.0,177.0,185.0,205.0,254.0,254.0,252.0,76.0,80.0,80.0,0.0,0.0,0.0
1809230-A2-PDL1.png,132.0,148.0,182.0,173.0,187.0,211.0,100.0,105.0,126.0,152.0,162.0,192.0,254.0,254.0,252.0,65.0,56.0,50.0,0.0,0.0,0.0
1809230-A3-CD4-base.png,175.0,182.0,193.0,144.0,158.0,191.0,180.0,128.0,95.0,157.0,88.0,66.0,254.0,254.0,252.0,243.0,245.0,242.0,16.0,1.0,1.0
1809230-A3-CD8.png,35.0,49.0,79.0,160.0,168.0,188.0,175.0,114.0,91.0,102.0,76.0,75.0,253.0,254.0,249.0,225.0,226.0,221.0,0.0,0.0,0.0
1809230-A3-Foxp3.png,165.0,177.0,207.0,212.0,220.0,237.0,139.0,146.0,163.0,198.0,205.0,222.0,254.0,254.0,254.0,32.0,23.0,20.0,0.0,0.0,0.0
1809230-A3-PD1.png,127.0,137.0,190.0,173.0,187.0,208.0,84.0,65.0,49.0,226.0,215.0,215.0,255.0,255.0,252.0,41.0,42.0,48.0,0.0,0.0,0.0
1809230-A3-PDL1.png,186.0,189.0,206.0,189.0,193.0,218.0,246.0,189.0,153.0,129.0,77.0,37.0,255.0,255.0,255.0,220.0,224.0,223.0,0.0,0.0,0.0
1809263-A1-CD4-base.png,117.0,131.0,169.0,170.0,177.0,205.0,221.0,156.0,110.0,106.0,44.0,44.0,254.0,254.0,252.0,231.0,233.0,230.0,3.0,3.0,11.0
1809263-A1-CD8.png,129.0,146.0,202.0,138.0,155.0,190.0,208.0,173.0,149.0,116.0,84.0,90.0,254.0,254.0,254.0,41.0,42.0,41.0,0.0,0.0,0.0
1809302-A2-CD4-base.png,99.0,111.0,149.0,230.0,233.0,242.0,125.0,87.0,66.0,191.0,167.0,163.0,253.0,253.0,251.0,235.0,237.0,234.0,5.0,4.0,19.0
1809302-A2-PDL1.png,154.0,168.0,217.0,201.0,213.0,241.0,128.0,81.0,66.0,124.0,80.0,67.0,252.0,254.0,253.0,223.0,225.0,224.0,0.0,0.0,0.0
1809302-A3-CD4-base.png,184.0,189.0,208.0,151.0,163.0,186.0,134.0,99.0,96.0,200.0,151.0,121.0,253.0,253.0,251.0,232.0,234.0,231.0,67.0,65.0,66.0
1809302-A3-CD8.png,115.0,140.0,175.0,122.0,137.0,187.0,190.0,149.0,102.0,160.0,119.0,107.0,250.0,250.0,248.0,203.0,207.0,206.0,0.0,0.0,0.0
1809302-A3-PD1.png,155.0,172.0,206.0,170.0,178.0,201.0,215.0,190.0,171.0,175.0,149.0,153.0,253.0,255.0,254.0,186.0,184.0,179.0,0.0,0.0,0.0
1809302-A3-PDL1.png,121.0,127.0,159.0,168.0,175.0,211.0,188.0,164.0,167.0,120.0,83.0,84.0,254.0,254.0,252.0,229.0,232.0,228.0,0.0,0.0,0.0
1809302-A4-CD4-base.png,175.0,180.0,211.0,177.0,186.0,216.0,194.0,175.0,174.0,164.0,134.0,125.0,252.0,252.0,250.0,184.0,181.0,176.0,6.0,6.0,8.0
1809302-A4-Foxp3.png,148.0,153.0,197.0,201.0,214.0,236.0,185.0,166.0,168.0,197.0,165.0,141.0,253.0,253.0,251.0,141.0,146.0,149.0,0.0,0.0,0.0
1809302-A4-PD1.png,168.0,171.0,189.0,125.0,143.0,188.0,179.0,157.0,169.0,206.0,175.0,160.0,253.0,253.0,251.0,227.0,228.0,222.0,25.0,32.0,23.0
1809315-A1-CD4-bubble-base.png,184.0,196.0,213.0,108.0,117.0,157.0,102.0,28.0,3.0,191.0,159.0,152.0,254.0,254.0,254.0,172.0,177.0,172.0,22.0,18.0,8.0
1809315-A1-CD8-resized.png,117.0,116.0,133.0,136.0,148.0,193.0,170.0,148.0,134.0,138.0,106.0,89.0,252.0,253.0,248.0,208.0,210.0,208.0,31.0,29.0,29.0
1809315-A1-PD1.png,179.0,194.0,226.0,185.0,197.0,226.0,166.0,153.0,148.0,242.0,226.0,210.0,254.0,254.0,254.0,236.0,237.0,232.0,0.0,0.0,0.0
1809315-A1-PDL1-resized.png,155.0,162.0,177.0,217.0,219.0,235.0,192.0,158.0,136.0,236.0,215.0,201.0,253.0,255.0,254.0,20.0,16.0,19.0,0.0,0.0,0.0
1809315-A2-CD4-base.png,152.0,169.0,184.0,152.0,168.0,207.0,105.0,29.0,6.0,215.0,185.0,159.0,254.0,254.0,254.0,231.0,235.0,233.0,25.0,14.0,12.0
1809315-A2-CD8.png,111.0,128.0,163.0,123.0,150.0,190.0,158.0,107.0,85.0,182.0,148.0,128.0,250.0,252.0,249.0,7.0,11.0,18.0,0.0,0.0,0.0
1809315-A2-Foxp3-resized.png,109.0,130.0,187.0,195.0,209.0,230.0,126.0,148.0,196.0,197.0,209.0,237.0,255.0,255.0,255.0,47.0,47.0,52.0,0.0,0.0,0.0
1809315-A2-PD1.png,200.0,209.0,223.0,153.0,170.0,201.0,233.0,223.0,219.0,173.0,162.0,159.0,253.0,253.0,251.0,199.0,200.0,195.0,0.0,0.0,0.0
1809315-A2-PDL1.png,136.0,152.0,184.0,161.0,166.0,200.0,167.0,122.0,97.0,211.0,167.0,133.0,254.0,254.0,252.0,100.0,101.0,103.0,0.0,0.0,0.0
1809315-A3-CD4-base.png,141.0,151.0,169.0,170.0,181.0,188.0,72.0,43.0,21.0,210.0,158.0,121.0,253.0,253.0,251.0,225.0,227.0,224.0,21.0,5.0,2.0
1809315-A3-Foxp3.png,153.0,165.0,184.0,184.0,205.0,230.0,124.0,105.0,97.0,178.0,158.0,138.0,254.0,254.0,252.0,239.0,241.0,238.0,0.0,0.0,0.0
1809315-A3-PDL1.png,168.0,182.0,221.0,165.0,170.0,181.0,182.0,102.0,68.0,206.0,165.0,132.0,254.0,254.0,252.0,195.0,197.0,196.0,20.0,9.0,7.0
1809366-A1-CD4-base.png,211.0,223.0,235.0,211.0,222.0,240.0,242.0,205.0,181.0,167.0,132.0,100.0,251.0,251.0,249.0,233.0,235.0,232.0,18.0,0.0,0.0
1809366-A1-CD8.png,150.0,174.0,213.0,171.0,192.0,216.0,234.0,192.0,182.0,153.0,118.0,107.0,254.0,254.0,252.0,0.0,0.0,0.0,0.0,0.0,0.0
1809366-A1-Foxp3-resized.png,150.0,170.0,209.0,188.0,200.0,215.0,192.0,163.0,128.0,230.0,210.0,193.0,253.0,253.0,251.0,88.0,95.0,105.0,0.0,0.0,0.0
1809366-A1-PD1-resized.png,161.0,174.0,192.0,188.0,195.0,215.0,173.0,151.0,147.0,198.0,173.0,160.0,252.0,253.0,248.0,233.0,233.0,231.0,0.0,0.0,0.0
1809366-A1-PDL1.png,187.0,197.0,227.0,175.0,181.0,209.0,156.0,98.0,86.0,222.0,202.0,188.0,236.0,240.0,239.0,0.0,0.0,0.0,0.0,0.0,0.0
1809366-A1-PDL1.png,205.0,208.0,225.0,234.0,240.0,253.0,185.0,146.0,127.0,218.0,172.0,151.0,254.0,254.0,252.0,237.0,239.0,238.0,0.0,0.0,0.0
1809366-A2-CD4-base.png,145.0,154.0,188.0,201.0,210.0,239.0,239.0,172.0,116.0,225.0,197.0,159.0,253.0,253.0,251.0,235.0,239.0,238.0,16.0,17.0,12.0
1809366-A2-CD8.png,105.0,127.0,146.0,193.0,215.0,239.0,137.0,112.0,91.0,93.0,79.0,77.0,253.0,253.0,251.0,0.0,0.0,0.0,0.0,0.0,0.0
1809366-A2-Foxp3.png,151.0,160.0,188.0,177.0,192.0,215.0,138.0,109.0,103.0,182.0,163.0,144.0,254.0,254.0,252.0,234.0,238.0,237.0,0.0,0.0,0.0
1809366-A2-PD1.png,141.0,157.0,185.0,237.0,243.0,249.0,220.0,205.0,188.0,213.0,198.0,183.0,253.0,253.0,251.0,230.0,232.0,229.0,0.0,0.0,0.0
1809366-A2-PDL1.png,130.0,131.0,186.0,165.0,162.0,181.0,126.0,111.0,99.0,211.0,176.0,140.0,253.0,253.0,251.0,234.0,236.0,233.0,0.0,0.0,0.0
1809366-A3-CD4-base.png,216.0,224.0,238.0,169.0,181.0,215.0,143.0,109.0,81.0,244.0,212.0,177.0,251.0,251.0,249.0,233.0,235.0,232.0,14.0,10.0,7.0
1809366-A3-CD8.png,145.0,159.0,190.0,221.0,227.0,243.0,97.0,50.0,35.0,156.0,75.0,46.0,253.0,253.0,251.0,0.0,0.0,0.0,0.0,0.0,0.0
1809366-A3-PD1.png,135.0,154.0,195.0,181.0,194.0,212.0,225.0,198.0,171.0,162.0,142.0,126.0,254.0,254.0,254.0,215.0,217.0,214.0,0.0,0.0,0.0
1809366-A4-CD4-base.png,197.0,208.0,214.0,192.0,196.0,207.0,218.0,178.0,151.0,144.0,110.0,98.0,252.0,252.0,250.0,237.0,239.0,236.0,26.0,12.0,3.0
1809366-A4-Foxp3.png,156.0,176.0,210.0,172.0,182.0,210.0,173.0,154.0,133.0,148.0,121.0,92.0,254.0,254.0,252.0,235.0,237.0,234.0,0.0,0.0,0.0
1809366-A4-PDL1.png,140.0,147.0,176.0,183.0,187.0,211.0,224.0,147.0,85.0,215.0,197.0,186.0,253.0,255.0,254.0,237.0,241.0,242.0,0.0,0.0,0.0
1809366-A5-CD4-base.png,126.0,137.0,183.0,156.0,156.0,201.0,212.0,176.0,160.0,139.0,96.0,62.0,251.0,251.0,249.0,234.0,236.0,231.0,0.0,0.0,2.0
1809366-A5-CD8.png,178.0,199.0,228.0,168.0,187.0,225.0,104.0,62.0,33.0,150.0,97.0,90.0,253.0,253.0,251.0,0.0,4.0,5.0,0.0,0.0,0.0
1809366-A5-PDL1.png,129.0,140.0,163.0,199.0,203.0,225.0,158.0,101.0,82.0,211.0,180.0,158.0,253.0,254.0,249.0,237.0,238.0,233.0,0.0,0.0,0.0
1809839-A1-CD4-base.png,121.0,143.0,197.0,201.0,214.0,237.0,228.0,204.0,176.0,234.0,173.0,118.0,254.0,254.0,254.0,165.0,173.0,184.0,12.0,20.0,22.0
1809839-A1-CD8.png,199.0,211.0,233.0,83.0,115.0,156.0,120.0,64.0,61.0,194.0,168.0,142.0,255.0,255.0,251.0,0.0,0.0,0.0,253.0,253.0,251.0
1809839-A1-Foxp3.png,108.0,127.0,164.0,180.0,185.0,217.0,208.0,222.0,230.0,185.0,196.0,217.0,252.0,252.0,250.0,254.0,254.0,252.0,0.0,0.0,0.0
1809839-A1-PD1.png,128.0,149.0,192.0,169.0,184.0,204.0,128.0,145.0,188.0,178.0,194.0,210.0,254.0,254.0,252.0,205.0,209.0,211.0,0.0,0.0,0.0
1809839-A2-CD4-base.png,208.0,223.0,252.0,172.0,189.0,222.0,214.0,181.0,182.0,102.0,41.0,8.0,253.0,253.0,251.0,1.0,1.0,1.0,1.0,1.0,1.0
1809839-A2-CD8-resized.png,182.0,194.0,213.0,107.0,128.0,171.0,153.0,139.0,123.0,112.0,76.0,70.0,254.0,254.0,252.0,137.0,137.0,136.0,0.0,0.0,0.0
1809839-A2-Foxp3.png,107.0,126.0,170.0,206.0,218.0,230.0,125.0,110.0,107.0,195.0,179.0,171.0,252.0,252.0,250.0,134.0,132.0,119.0,0.0,0.0,0.0
1809839-A2-PDL1.png,161.0,179.0,227.0,132.0,134.0,167.0,216.0,135.0,79.0,231.0,213.0,187.0,255.0,255.0,253.0,228.0,230.0,227.0,39.0,28.0,42.0
1809839-A3-CD4-base.png,173.0,182.0,211.0,130.0,152.0,194.0,206.0,149.0,107.0,160.0,89.0,62.0,254.0,254.0,252.0,232.0,234.0,231.0,99.0,105.0,110.0
1809839-A3-CD8.png,142.0,162.0,207.0,216.0,223.0,248.0,81.0,58.0,57.0,132.0,76.0,51.0,250.0,250.0,248.0,0.0,0.0,0.0,0.0,0.0,0.0
1808870-A1-Foxp3.png,232.0,235.0,248.0,197.0,214.0,240.0,238.0,242.0,252.0,92.0,116.0,174.0,251.0,252.0,247.0,132.0,135.0,128.0,61.0,62.0,66.0
1808870-A2-Foxp3.png,174.0,189.0,219.0,110.0,130.0,177.0,238.0,224.0,213.0,235.0,225.0,213.0,253.0,253.0,251.0,233.0,233.0,231.0,133.0,137.0,146.0
1808870-A4-PDL1.png,37.0,30.0,70.0,195.0,197.0,213.0,86.0,54.0,38.0,205.0,155.0,128.0,253.0,253.0,251.0,234.0,236.0,233.0,36.0,29.0,30.0
1808944-A1-PD1.png,163.0,173.0,201.0,184.0,195.0,206.0,218.0,208.0,203.0,198.0,186.0,175.0,253.0,253.0,251.0,232.0,233.0,228.0,117.0,113.0,102.0
1808944-A1-PDL1.png,181.0,194.0,226.0,147.0,161.0,197.0,192.0,109.0,74.0,182.0,170.0,167.0,254.0,254.0,252.0,237.0,239.0,236.0,4.0,9.0,13.0
1808944-A2-PD1.png,186.0,193.0,220.0,100.0,120.0,171.0,222.0,209.0,210.0,209.0,201.0,194.0,253.0,253.0,251.0,218.0,218.0,217.0,43.0,48.0,50.0
1808992-A1-Foxp3.png,157.0,176.0,206.0,150.0,166.0,194.0,244.0,224.0,206.0,242.0,217.0,194.0,255.0,255.0,255.0,75.0,79.0,84.0,8.0,25.0,42.0
1808992-A1-PD1.png,132.0,151.0,191.0,192.0,206.0,228.0,110.0,67.0,53.0,178.0,141.0,115.0,254.0,254.0,254.0,235.0,240.0,240.0,38.0,33.0,32.0
1808992-A2-PD1.png,114.0,118.0,161.0,210.0,218.0,227.0,171.0,157.0,161.0,116.0,100.0,111.0,254.0,254.0,252.0,95.0,97.0,96.0,54.0,53.0,62.0
1808870-A1-PDL1.png,147.0,160.0,204.0,177.0,176.0,199.0,217.0,168.0,142.0,221.0,156.0,108.0,252.0,252.0,250.0,234.0,236.0,233.0,27.0,26.0,21.0
1808944-A1-Foxp3.png,193.0,205.0,230.0,222.0,224.0,247.0,240.0,231.0,216.0,207.0,194.0,187.0,252.0,254.0,251.0,230.0,232.0,229.0,33.0,32.0,30.0
1809077-A3-CD8.png,194.0,208.0,240.0,207.0,217.0,251.0,157.0,135.0,135.0,170.0,158.0,150.0,253.0,253.0,251.0,168.0,172.0,171.0,3.0,5.0,20.0
1809199-A1-Foxp3.png,171.0,183.0,217.0,212.0,229.0,247.0,226.0,185.0,154.0,195.0,171.0,147.0,254.0,254.0,252.0,219.0,223.0,222.0,51.0,51.0,57.0
1809302-A2-CD8.png,107.0,117.0,169.0,167.0,190.0,231.0,121.0,88.0,82.0,88.0,61.0,60.0,252.0,252.0,250.0,151.0,159.0,162.0,78.0,89.0,92.0
1809366-A5-PD1.png,81.0,93.0,134.0,141.0,155.0,194.0,237.0,212.0,211.0,158.0,138.0,128.0,253.0,253.0,251.0,229.0,231.0,230.0,21.0,22.0,20.0
1808931-A4-CD8.png,219.0,224.0,242.0,118.0,122.0,147.0,190.0,163.0,140.0,201.0,165.0,152.0,248.0,249.0,244.0,234.0,234.0,232.0,5.0,9.0,17.0
1808944-A1-CD8.png,75.0,102.0,155.0,135.0,144.0,172.0,114.0,97.0,80.0,114.0,72.0,52.0,251.0,252.0,247.0,145.0,149.0,150.0,20.0,14.0,15.0
1808888-A3-CD8.png,158.0,157.0,181.0,123.0,138.0,191.0,136.0,116.0,108.0,165.0,114.0,97.0,253.0,253.0,251.0,24.0,13.0,15.0,35.0,40.0,28.0
1808880-A1-Foxp3.png,171.0,186.0,224.0,159.0,179.0,206.0,171.0,156.0,159.0,186.0,166.0,163.0,254.0,254.0,252.0,129.0,131.0,130.0,136.0,131.0,128.0
1809007-A2-PD1.png,186.0,197.0,237.0,104.0,127.0,166.0,174.0,117.0,72.0,207.0,168.0,130.0,251.0,251.0,249.0,229.0,231.0,228.0,67.0,66.0,72.0
1809007-A4-PDL1.png,96.0,122.0,165.0,164.0,181.0,202.0,208.0,194.0,169.0,213.0,172.0,140.0,252.0,253.0,248.0,232.0,233.0,228.0,11.0,8.0,7.0
1809009-A1-PDL1.png,166.0,181.0,228.0,80.0,79.0,122.0,184.0,138.0,122.0,121.0,92.0,61.0,254.0,254.0,252.0,231.0,233.0,230.0,82.0,84.0,83.0
1809077-A1-CD8.png,193.0,205.0,241.0,155.0,163.0,187.0,202.0,175.0,173.0,162.0,122.0,119.0,254.0,254.0,252.0,235.0,237.0,234.0,102.0,106.0,105.0
1809077-A2-CD8.png,73.0,90.0,131.0,106.0,127.0,160.0,163.0,137.0,128.0,127.0,61.0,27.0,252.0,252.0,250.0,232.0,234.0,231.0,110.0,111.0,106.0
1809077-A2-PDL1.png,162.0,180.0,210.0,161.0,166.0,193.0,178.0,141.0,121.0,179.0,97.0,47.0,252.0,252.0,250.0,236.0,238.0,235.0,22.0,21.0,19.0
1809077-A3-PDL1.png,74.0,77.0,121.0,155.0,167.0,195.0,183.0,129.0,102.0,252.0,230.0,215.0,253.0,253.0,251.0,229.0,233.0,234.0,9.0,3.0,0.0
1809077-A4-PD1.png,142.0,159.0,188.0,153.0,178.0,207.0,139.0,146.0,196.0,193.0,204.0,222.0,253.0,253.0,251.0,228.0,230.0,227.0,8.0,7.0,12.0
1809077-A4-PDL1.png,76.0,92.0,166.0,143.0,150.0,187.0,210.0,162.0,133.0,158.0,136.0,117.0,253.0,253.0,251.0,1.0,0.0,0.0,216.0,217.0,212.0
1809214-A1-Foxp3.png,188.0,204.0,230.0,133.0,156.0,211.0,210.0,208.0,207.0,225.0,150.0,95.0,255.0,255.0,255.0,215.0,216.0,211.0,19.0,10.0,2.0
1809214-A2-Foxp3.png,101.0,117.0,149.0,180.0,186.0,203.0,203.0,174.0,150.0,162.0,142.0,116.0,253.0,253.0,251.0,199.0,196.0,187.0,141.0,151.0,152.0
1809214-A3-Foxp3.png,227.0,232.0,238.0,144.0,159.0,190.0,159.0,128.0,101.0,195.0,174.0,166.0,252.0,252.0,250.0,75.0,80.0,94.0,52.0,52.0,55.0
1809214-A3-PD1.png,144.0,168.0,212.0,207.0,211.0,229.0,216.0,201.0,160.0,191.0,152.0,103.0,254.0,254.0,252.0,232.0,233.0,228.0,116.0,116.0,108.0
1809214-A3-PDL1.png,188.0,192.0,221.0,157.0,169.0,201.0,194.0,137.0,117.0,192.0,169.0,158.0,253.0,253.0,251.0,240.0,240.0,238.0,40.0,35.0,36.0
1809199-A1-CD8.png,124.0,151.0,206.0,174.0,186.0,206.0,225.0,198.0,171.0,94.0,35.0,26.0,253.0,254.0,249.0,3.0,6.0,0.0,217.0,217.0,215.0
1809048-A4-CD8.png,80.0,101.0,138.0,164.0,185.0,209.0,134.0,107.0,96.0,161.0,137.0,103.0,253.0,254.0,249.0,104.0,110.0,110.0,0.0,0.0,2.0
1809048-A4-Foxp3.png,63.0,87.0,148.0,195.0,204.0,225.0,204.0,183.0,157.0,116.0,82.0,71.0,253.0,253.0,251.0,229.0,232.0,228.0,2.0,2.0,7.0
1809048-A4-PD1.png,141.0,148.0,174.0,181.0,195.0,217.0,165.0,118.0,96.0,186.0,149.0,142.0,252.0,252.0,250.0,7.0,9.0,11.0,80.0,89.0,94.0
1809057-A1-PD1.png,201.0,209.0,223.0,135.0,143.0,172.0,186.0,153.0,127.0,208.0,163.0,126.0,254.0,254.0,252.0,40.0,26.0,19.0,43.0,37.0,37.0
1809009-A5-CD8.png,145.0,161.0,194.0,220.0,227.0,246.0,111.0,44.0,21.0,170.0,139.0,128.0,252.0,252.0,250.0,223.0,224.0,218.0,15.0,10.0,17.0
1809009-A5-PD1.png,81.0,102.0,141.0,159.0,167.0,193.0,223.0,169.0,124.0,214.0,180.0,137.0,253.0,253.0,251.0,217.0,217.0,215.0,151.0,151.0,149.0
1809009-A5-PDL1.png,135.0,142.0,171.0,206.0,206.0,225.0,217.0,186.0,174.0,96.0,61.0,72.0,254.0,254.0,252.0,236.0,240.0,239.0,217.0,223.0,223.0
1809010-A1-PD1.png,145.0,146.0,174.0,148.0,159.0,187.0,169.0,149.0,141.0,196.0,182.0,177.0,253.0,253.0,251.0,237.0,241.0,240.0,34.0,34.0,38.0
1809199-A1-PDL1.png,148.0,162.0,199.0,180.0,185.0,216.0,167.0,136.0,128.0,198.0,137.0,111.0,253.0,253.0,251.0,11.0,10.0,13.0,6.0,0.0,1.0
1809199-A3-CD8.png,182.0,202.0,232.0,167.0,182.0,223.0,130.0,104.0,104.0,120.0,84.0,56.0,253.0,253.0,251.0,18.0,29.0,40.0,191.0,193.0,192.0
1809199-A3-Foxp3.png,173.0,191.0,219.0,202.0,217.0,237.0,227.0,200.0,189.0,136.0,127.0,116.0,253.0,253.0,251.0,7.0,6.0,4.0,17.0,17.0,24.0
1809230-A1-CD8.png,90.0,113.0,168.0,113.0,142.0,182.0,162.0,147.0,133.0,185.0,162.0,146.0,253.0,253.0,251.0,173.0,175.0,174.0,32.0,22.0,23.0
1809230-A1-Foxp3.png,188.0,200.0,229.0,160.0,176.0,203.0,211.0,195.0,190.0,191.0,182.0,168.0,254.0,254.0,252.0,6.0,4.0,14.0,206.0,212.0,212.0
1809230-A1-PD1.png,134.0,150.0,186.0,210.0,217.0,236.0,146.0,125.0,115.0,204.0,185.0,181.0,254.0,254.0,252.0,39.0,37.0,45.0,140.0,146.0,144.0
1809263-A1-Foxp3.png,155.0,172.0,203.0,216.0,226.0,252.0,73.0,59.0,47.0,156.0,133.0,120.0,254.0,254.0,252.0,236.0,238.0,235.0,22.0,20.0,20.0
1809263-A1-PD1.png,110.0,127.0,172.0,188.0,198.0,230.0,114.0,96.0,80.0,205.0,162.0,130.0,254.0,254.0,252.0,43.0,38.0,41.0,5.0,11.0,18.0
1809263-A1-PDL1.png,40.0,59.0,125.0,172.0,187.0,226.0,171.0,98.0,61.0,162.0,133.0,125.0,253.0,253.0,251.0,0.0,5.0,13.0,30.0,38.0,38.0
1809268-A1-PD1.png,157.0,175.0,215.0,232.0,241.0,254.0,125.0,134.0,170.0,176.0,186.0,215.0,30.0,21.0,20.0,254.0,255.0,250.0,4.0,1.0,4.0
1809268-A2-PD1.png,117.0,140.0,184.0,176.0,182.0,204.0,168.0,101.0,38.0,178.0,142.0,115.0,253.0,253.0,251.0,230.0,232.0,229.0,26.0,23.0,23.0
1808902-A4-Foxp3.png,209.0,213.0,226.0,128.0,133.0,164.0,185.0,202.0,211.0,167.0,177.0,215.0,254.0,254.0,252.0,26.0,27.0,31.0,21.0,21.0,23.0
1808902-A4-PDL1.png,93.0,102.0,165.0,208.0,209.0,231.0,201.0,185.0,166.0,139.0,98.0,80.0,254.0,254.0,252.0,42.0,39.0,42.0,46.0,35.0,31.0
1808920-A2-CD8.png,106.0,99.0,133.0,169.0,187.0,225.0,135.0,77.0,57.0,180.0,142.0,125.0,253.0,253.0,251.0,7.0,11.0,14.0,45.0,42.0,45.0
1808920-A2-Foxp3.png,166.0,182.0,209.0,62.0,94.0,154.0,132.0,99.0,51.0,131.0,65.0,60.0,253.0,253.0,251.0,4.0,6.0,6.0,50.0,52.0,58.0
1808920-A2-PDL1.png,103.0,105.0,143.0,152.0,169.0,219.0,161.0,123.0,100.0,149.0,99.0,77.0,254.0,254.0,252.0,234.0,236.0,233.0,6.0,16.0,18.0
1809302-A2-Foxp3.png,54.0,76.0,133.0,145.0,154.0,168.0,128.0,109.0,104.0,152.0,97.0,60.0,252.0,252.0,250.0,125.0,129.0,130.0,47.0,45.0,50.0
1809302-A2-PD1.png,86.0,100.0,143.0,195.0,197.0,220.0,61.0,31.0,32.0,104.0,79.0,74.0,252.0,252.0,250.0,189.0,193.0,194.0,18.0,17.0,23.0
1809302-A3-Foxp3.png,208.0,209.0,216.0,163.0,172.0,191.0,138.0,108.0,73.0,203.0,186.0,161.0,251.0,251.0,249.0,233.0,235.0,232.0,158.0,160.0,155.0
1809302-A4-CD8.png,121.0,137.0,186.0,213.0,220.0,230.0,196.0,180.0,161.0,142.0,114.0,110.0,253.0,253.0,251.0,55.0,60.0,64.0,105.0,110.0,113.0
1809302-A4-PDL1.png,130.0,141.0,195.0,224.0,227.0,242.0,183.0,149.0,139.0,183.0,146.0,114.0,253.0,253.0,251.0,229.0,230.0,225.0,79.0,74.0,78.0
1809315-A1-CD4.png,114.0,117.0,151.0,184.0,194.0,218.0,96.0,54.0,39.0,158.0,102.0,74.0,255.0,255.0,255.0,237.0,241.0,240.0,56.0,55.0,51.0
1809315-A1-Foxp3.png,199.0,215.0,237.0,195.0,204.0,219.0,233.0,157.0,152.0,236.0,213.0,191.0,254.0,254.0,252.0,27.0,22.0,15.0,198.0,204.0,205.0
1808920-A6-Foxp3.png,174.0,185.0,213.0,213.0,217.0,228.0,90.0,101.0,142.0,207.0,214.0,235.0,254.0,254.0,252.0,234.0,238.0,236.0,15.0,19.0,20.0
1808920-A6-PD1.png,204.0,217.0,234.0,73.0,81.0,129.0,154.0,124.0,95.0,235.0,216.0,199.0,253.0,253.0,251.0,69.0,70.0,74.0,233.0,235.0,232.0
1808920-AX-CD8_.png,86.0,116.0,180.0,212.0,218.0,250.0,149.0,107.0,96.0,195.0,171.0,158.0,254.0,254.0,252.0,238.0,240.0,237.0,16.0,13.0,13.0
1809366-A3-Foxp3.png,125.0,140.0,163.0,191.0,205.0,219.0,235.0,221.0,211.0,190.0,175.0,148.0,253.0,255.0,254.0,237.0,241.0,240.0,45.0,48.0,47.0
1809366-A3-PDL1.png,67.0,79.0,127.0,210.0,216.0,240.0,189.0,133.0,103.0,219.0,164.0,117.0,254.0,254.0,252.0,230.0,232.0,229.0,47.0,44.0,36.0
1809366-A4-CD8.png,150.0,166.0,191.0,143.0,164.0,213.0,201.0,137.0,115.0,86.0,54.0,54.0,255.0,255.0,252.0,13.0,20.0,20.0,232.0,234.0,234.0
1809366-A4-PD1.png,225.0,229.0,244.0,165.0,167.0,187.0,153.0,116.0,98.0,152.0,134.0,131.0,254.0,254.0,252.0,229.0,230.0,225.0,118.0,114.0,103.0
1809366-A5-Foxp3.png,133.0,153.0,187.0,226.0,230.0,239.0,182.0,170.0,144.0,200.0,184.0,165.0,254.0,254.0,252.0,235.0,240.0,238.0,102.0,107.0,110.0
1809839-A1-PDL1.png,179.0,192.0,239.0,101.0,118.0,171.0,218.0,177.0,147.0,178.0,142.0,125.0,255.0,255.0,255.0,146.0,160.0,162.0,4.0,1.0,1.0
1809839-A2-PD1.png,155.0,169.0,192.0,154.0,157.0,187.0,241.0,203.0,168.0,241.0,203.0,168.0,253.0,253.0,251.0,234.0,236.0,233.0,5.0,21.0,33.0
1809839-A3-Foxp3.png,154.0,171.0,214.0,32.0,39.0,95.0,151.0,90.0,62.0,113.0,62.0,34.0,251.0,253.0,250.0,145.0,153.0,156.0,8.0,7.0,13.0
1809839-A3-PD1.png,177.0,193.0,222.0,206.0,215.0,235.0,187.0,161.0,152.0,76.0,63.0,58.0,253.0,253.0,251.0,237.0,239.0,236.0,83.0,84.0,88.0
1809839-A3-PDL1.png,188.0,198.0,224.0,139.0,146.0,174.0,211.0,147.0,101.0,247.0,218.0,188.0,253.0,253.0,251.0,232.0,234.0,231.0,131.0,128.0,123.0
1808925-A1-PDL1.png,147.0,159.0,205.0,213.0,221.0,239.0,162.0,132.0,132.0,163.0,142.0,124.0,254.0,254.0,252.0,205.0,205.0,203.0,47.0,51.0,50.0
1808925-A2-Foxp3.png,225.0,233.0,248.0,128.0,145.0,190.0,180.0,156.0,137.0,214.0,174.0,154.0,254.0,254.0,252.0,65.0,68.0,75.0,6.0,8.0,7.0
1808925-A3-CD8.png,153.0,162.0,176.0,203.0,208.0,215.0,167.0,102.0,98.0,110.0,33.0,11.0,254.0,254.0,252.0,75.0,75.0,78.0,27.0,21.0,21.0
1808925-A3-Foxp3.png,194.0,207.0,241.0,125.0,136.0,164.0,153.0,105.0,37.0,61.0,41.0,22.0,253.0,253.0,251.0,13.0,15.0,19.0,22.0,25.0,34.0
1808931-A1-PDL1.png,106.0,122.0,177.0,163.0,167.0,186.0,173.0,149.0,145.0,178.0,124.0,105.0,253.0,253.0,251.0,196.0,200.0,201.0,166.0,172.0,172.0
1808931-A2-CD8.png,214.0,216.0,236.0,171.0,193.0,210.0,88.0,36.0,4.0,154.0,122.0,94.0,253.0,253.0,251.0,211.0,217.0,217.0,68.0,68.0,66.0
1808931-A3-Foxp3.png,188.0,204.0,233.0,149.0,166.0,201.0,201.0,210.0,225.0,227.0,236.0,245.0,253.0,253.0,251.0,226.0,230.0,229.0,1.0,2.0,4.0
1808879-A2-PDL1.png,72.0,91.0,148.0,183.0,193.0,228.0,156.0,114.0,100.0,124.0,87.0,77.0,254.0,254.0,252.0,237.0,239.0,236.0,9.0,8.0,12.0
1808879-A3-Foxp3.png,80.0,93.0,121.0,219.0,229.0,240.0,233.0,209.0,193.0,177.0,104.0,63.0,254.0,254.0,252.0,64.0,68.0,70.0,222.0,229.0,229.0
1808879-A3-Foxp3.png,129.0,147.0,184.0,62.0,84.0,122.0,185.0,122.0,73.0,235.0,214.0,195.0,254.0,254.0,254.0,59.0,63.0,66.0,0.0,0.0,0.0
1808879-A3-PDL1.png,95.0,107.0,165.0,144.0,141.0,172.0,135.0,92.0,79.0,162.0,134.0,136.0,254.0,254.0,252.0,25.0,15.0,14.0,198.0,206.0,208.0
1809315-A3-CD8.png,84.0,107.0,149.0,193.0,198.0,222.0,187.0,159.0,145.0,97.0,74.0,53.0,255.0,255.0,253.0,41.0,37.0,37.0,16.0,11.0,15.0
1809315-A3-PD1.png,186.0,195.0,204.0,165.0,178.0,195.0,220.0,204.0,188.0,204.0,191.0,181.0,254.0,254.0,252.0,208.0,9.0,4.0,15.0,16.0,23.0
1809010-A3-PDL1.png,84.0,100.0,168.0,197.0,201.0,235.0,171.0,135.0,114.0,215.0,177.0,137.0,253.0,253.0,251.0,36.0,32.0,32.0,213.0,217.0,216.0
1809010-A4-CD8.png,178.0,184.0,207.0,137.0,152.0,191.0,87.0,49.0,49.0,101.0,53.0,31.0,253.0,253.0,251.0,234.0,236.0,233.0,15.0,15.0,19.0
1809010-A4-PDL1.png,120.0,127.0,176.0,189.0,190.0,221.0,71.0,55.0,54.0,163.0,125.0,92.0,254.0,254.0,252.0,219.0,221.0,218.0,11.0,12.0,14.0
1809010-A5-PD1.png,161.0,180.0,212.0,139.0,157.0,194.0,154.0,134.0,115.0,184.0,172.0,160.0,254.0,254.0,252.0,37.0,38.0,40.0,42.0,40.0,38.0
1809017-A2-PD1.png,130.0,152.0,190.0,174.0,182.0,201.0,203.0,184.0,171.0,194.0,145.0,80.0,253.0,253.0,251.0,231.0,232.0,232.0,49.0,52.0,58.0
1809017-A2-PDL1.png,136.0,147.0,189.0,66.0,74.0,131.0,203.0,152.0,113.0,167.0,100.0,58.0,254.0,254.0,252.0,66.0,62.0,59.0,33.0,32.0,24.0
1809017-A2-PDL1.png,64.0,73.0,125.0,218.0,224.0,240.0,163.0,120.0,71.0,113.0,69.0,44.0,254.0,254.0,252.0,4.0,1.0,2.0,194.0,203.0,202.0
1809048-A1-CD8.png,78.0,96.0,144.0,175.0,183.0,207.0,123.0,81.0,52.0,154.0,92.0,68.0,249.0,249.0,247.0,225.0,222.0,217.0,13.0,16.0,17.0
1809048-A1-CD8.png,80.0,100.0,165.0,143.0,150.0,166.0,43.0,25.0,21.0,93.0,67.0,54.0,253.0,253.0,251.0,213.0,212.0,207.0,13.0,16.0,17.0
1809048-A2-PDL1.png,149.0,154.0,196.0,191.0,194.0,211.0,178.0,120.0,99.0,219.0,154.0,120.0,254.0,254.0,252.0,234.0,235.0,230.0,3.0,3.0,5.0
